antecedent,consequent,confidence
[2462],[1905],0.886039886039886
[4227],[571],0.8732394366197183
"[1905, 2470]",[2452],0.8925373134328358
"[2452, 2470]",[1905],0.9492063492063492
"[2862, 3333]",[4306],0.9314641744548287
"[3333, 4306]",[1905],0.907185628742515
"[1905, 3333]",[4306],0.8757225433526011
"[2452, 3333]",[1905],0.9323076923076923
"[1905, 4330]",[3962],0.8735294117647059
"[3962, 4330]",[1905],0.939873417721519
"[1905, 3610]",[1798],0.9025787965616046
"[2452, 3610]",[1905],0.940251572327044
"[1798, 1905]",[2452],0.85625
"[1798, 3610]",[1905],0.8948863636363636
"[571, 4345]",[1905],0.861671469740634
"[1905, 4345]",[571],0.8952095808383234
"[329, 1905]",[2452],0.8888888888888888
"[329, 4306]",[1905],0.9041916167664671
"[329, 2452]",[1905],0.9074626865671642
"[1905, 2874]",[2452],0.8683473389355743
"[2372, 2874]",[1905],0.9166666666666666
"[2874, 3962]",[1905],0.9475308641975309
"[2874, 3938]",[1905],0.926605504587156
"[2874, 4306]",[1905],0.9209726443768997
"[2452, 2874]",[1905],0.9226190476190477
"[1615, 1905]",[4306],0.8768328445747801
"[1615, 4306]",[1905],0.8898809523809523
"[3905, 4306]",[2862],0.9116022099447514
"[2862, 3905]",[4306],0.9322033898305084
"[1905, 3756]",[2452],0.9003021148036254
"[2452, 3756]",[1905],0.8869047619047619
"[483, 1905]",[4306],0.8551532033426184
"[483, 2452]",[1905],0.933933933933934
"[483, 4306]",[1905],0.908284023668639
"[312, 571]",[2452],0.8650137741046832
"[312, 2122]",[571],0.9327217125382263
"[571, 2122]",[2452],0.8473804100227791
"[312, 2862]",[571],0.9134328358208955
"[312, 2452]",[571],0.8997134670487106
"[1406, 1905]",[2452],0.875
"[1406, 3860]",[1905],0.9495268138801262
"[1406, 3938]",[1905],0.9592476489028213
"[1406, 2862]",[1905],0.9541284403669725
"[1406, 2452]",[1905],0.9518413597733711
"[1905, 3320]",[2452],0.8847262247838616
"[3320, 3962]",[1905],0.9287925696594427
"[2452, 3320]",[1905],0.8847262247838616
"[3079, 3962]",[1905],0.9326145552560647
"[1905, 3079]",[3962],0.9057591623036649
"[3938, 3962]",[1905],0.911487758945386
"[1905, 3079, 3938]",[3962],0.9292307692307692
"[1905, 3079, 3962]",[4306],0.884393063583815
"[1905, 3938, 3962]",[2452],0.8966942148760331
"[3079, 3938, 3962]",[1905],0.937888198757764
"[1905, 2452, 3079]",[3962],0.9221556886227545
"[1905, 3079, 4306]",[3962],0.9080118694362018
"[2452, 3079, 4306]",[1905],0.9552715654952076
"[2452, 3079, 3962]",[1905],0.9565217391304348
"[1905, 3962, 4306]",[2452],0.8906560636182903
"[3079, 3962, 4306]",[1905],0.9444444444444444
"[1905, 2580]",[4306],0.8461538461538461
"[2580, 3860]",[1905],0.9230769230769231
"[2580, 3938]",[1905],0.9151515151515152
"[1962, 2580]",[1905],0.8945783132530121
"[2580, 3962]",[1905],0.933933933933934
"[2452, 2580]",[1905],0.9142011834319527
"[2580, 4306]",[1905],0.9085545722713865
"[708, 1905]",[4306],0.8681948424068768
"[708, 2452]",[1905],0.8837209302325582
"[708, 4306]",[1905],0.8731988472622478
"[1102, 1905]",[4306],0.8622589531680441
"[1102, 3962]",[1905],0.945859872611465
"[1102, 3624]",[1905],0.92
"[1102, 1220]",[1905],0.911042944785276
"[1102, 4432]",[1905],0.8978978978978979
"[1102, 4306]",[1905],0.8917378917378918
"[571, 1102]",[1905],0.8794117647058823
"[1799, 1905]",[2452],0.8810810810810811
"[1799, 3962]",[1905],0.9495268138801262
"[607, 1799]",[1905],0.9
"[607, 1905]",[4306],0.8613445378151261
"[1799, 4432]",[1905],0.9154078549848943
"[1799, 2452]",[1905],0.9209039548022598
"[1798, 2452]",[1905],0.9174107142857143
"[299, 2452]",[1905],0.9040697674418605
"[299, 1905]",[4306],0.8651685393258427
"[299, 2862]",[4306],0.8958333333333334
"[299, 4306]",[1905],0.8850574712643678
"[1307, 1905]",[4432],0.8654353562005277
"[1307, 2782]",[1905],0.9428571428571428
"[191, 1307]",[1905],0.9465408805031447
"[191, 1905]",[2452],0.9148073022312373
"[1307, 3938]",[1905],0.9422492401215805
"[1307, 3962]",[1905],0.939209726443769
"[1307, 1962]",[1905],0.9209726443768997
"[1307, 2372]",[1905],0.9365558912386707
"[1307, 3624]",[1905],0.9253731343283582
"[1307, 4432]",[1905],0.923943661971831
"[1307, 4306]",[1905],0.9294117647058824
"[1220, 1905]",[2452],0.8366935483870968
"[1905, 3151]",[2452],0.8934426229508197
"[571, 3151]",[2452],0.8535211267605634
"[1905, 3917]",[571],0.8586666666666667
"[2782, 3917]",[1905],0.9371069182389937
"[3917, 3962]",[1905],0.9433962264150944
"[3917, 4432]",[1905],0.9272727272727272
"[571, 3917]",[1905],0.8969359331476323
"[2862, 3368]",[4306],0.9121212121212121
"[3368, 4306]",[1905],0.9011299435028248
"[1905, 3368]",[4306],0.8715846994535519
"[3368, 4432]",[1905],0.9003021148036254
"[3368, 3962]",[1905],0.9214501510574018
"[3368, 3860]",[1905],0.9186746987951807
"[2452, 3368]",[1905],0.8997050147492626
"[1754, 4306]",[1905],0.9247311827956989
"[1754, 1905]",[4306],0.8911917098445595
"[571, 1754]",[1905],0.9109792284866469
"[1754, 1905, 2452]",[4306],0.9039039039039038
"[1754, 1905, 4306]",[2862],0.8895348837209303
"[1754, 2452, 4306]",[1905],0.9525316455696202
"[1754, 1905, 2862]",[4306],0.9329268292682927
"[1754, 2862, 4306]",[1905],0.9357798165137615
"[1110, 1905]",[2452],0.8493506493506493
"[1110, 2782]",[1905],0.9259259259259259
"[1110, 2862]",[1905],0.9259259259259259
"[1110, 3624]",[1905],0.9181818181818182
"[1110, 1220]",[1905],0.9066265060240963
"[1110, 4432]",[1905],0.9285714285714286
"[1110, 2372]",[1905],0.9080118694362018
"[1110, 3938]",[1905],0.9262536873156342
"[1110, 2452]",[1905],0.9289772727272727
"[1110, 3860]",[1905],0.935672514619883
"[1110, 1962]",[1905],0.9154518950437318
"[1110, 4306]",[1905],0.9277456647398844
"[1145, 1905]",[4306],0.8360215053763441
"[1145, 3962]",[1905],0.9129129129129129
"[1145, 3860]",[1905],0.908284023668639
"[1145, 2452]",[1905],0.9120234604105572
"[1145, 1962]",[1905],0.892128279883382
"[1145, 3938]",[1905],0.9101449275362319
"[1145, 2152]",[1905],0.8641618497109826
"[1905, 2152]",[4306],0.8391304347826087
"[1145, 4306]",[1905],0.8885714285714286
"[1144, 1905]",[4306],0.8509485094850948
"[1144, 3962]",[1905],0.9242424242424242
"[1144, 2452]",[1905],0.9166666666666666
"[1144, 2862]",[4306],0.8994082840236687
"[1144, 4306]",[1905],0.8870056497175142
"[571, 3282]",[1905],0.8496042216358839
"[1905, 3282]",[571],0.8797814207650273
"[3290, 3938]",[1905],0.9171779141104295
"[798, 2862]",[1905],0.8530701754385965
"[798, 3290]",[2862],0.8988095238095238
"[2862, 3290]",[571],0.8630490956072352
"[571, 3290]",[2862],0.8766404199475065
"[2452, 2862, 3290]",[1905],0.9123867069486404
"[2452, 2862, 4306]",[1905],0.9059304703476483
"[2452, 3290, 4306]",[2862],0.9310344827586207
"[2862, 3290, 4306]",[1905],0.8849557522123894
"[571, 2862, 3290]",[4306],0.8922155688622755
"[571, 2862, 4306]",[1905],0.8682505399568035
"[571, 3290, 4306]",[2862],0.9254658385093167
"[1905, 2862, 3290]",[2452],0.9041916167664671
"[1905, 3290, 4306]",[2862],0.9259259259259259
"[1905, 2452, 3290]",[2862],0.9041916167664671
"[1744, 1905]",[2862],0.8402061855670103
"[1744, 3860]",[1905],0.9141104294478528
"[1744, 3938]",[1905],0.9085365853658537
"[1744, 3624]",[1905],0.9240121580547113
"[1744, 4432]",[1905],0.8961424332344213
"[1744, 2862]",[1905],0.8670212765957447
"[607, 4306]",[1905],0.8932461873638344
"[1905, 2391]",[1962],0.864321608040201
"[2391, 2782]",[1905],0.9363636363636364
"[2391, 3624]",[1905],0.9126506024096386
"[1962, 2391]",[1905],0.8981723237597912
"[1905, 2391, 2452]",[3962],0.8892215568862275
"[1905, 2391, 3962]",[1962],0.8895522388059701
"[2391, 2452, 3962]",[1905],0.9519230769230769
"[1905, 1962, 2391]",[3860],0.8982558139534884
"[1905, 1962, 3962]",[2452],0.8924485125858124
"[1962, 2391, 3962]",[1905],0.9490445859872612
"[1905, 2391, 3860]",[1962],0.9008746355685131
"[1905, 2391, 3938]",[1962],0.9063444108761329
"[1905, 3860, 3938]",[3962],0.8684807256235828
"[2391, 3860, 3938]",[1905],0.9465408805031447
"[1905, 1962, 3938]",[2452],0.871264367816092
"[1962, 2391, 3938]",[1905],0.9287925696594427
"[1962, 2452]",[1905],0.9288702928870293
"[3860, 4306]",[1905],0.9038076152304609
"[1905, 1962, 3860]",[2452],0.8554502369668247
"[1962, 2391, 3860]",[1905],0.9335347432024169
"[1905, 3860]",[4306],0.8214936247723132
"[1905, 1962]",[2452],0.8473282442748091
"[191, 2452]",[1905],0.9241803278688525
"[1905, 2112]","[2862, 4306]",0.7878787878787878
"[1962, 2112]",[1905],0.9159159159159159
"[1220, 2112]",[1905],0.8964497041420119
"[2112, 2862]",[4306],0.9051282051282051
"[2452, 3624]",[1905],0.9117647058823529
"[1905, 3624]",[2452],0.8840304182509505
"[2372, 2452]",[1905],0.9227642276422764
"[1905, 2372]",[2452],0.8614800759013282
"[1905, 2112, 2452]",[4306],0.8774928774928775
"[1905, 2112, 3938]",[2452],0.9166666666666666
"[1905, 2452, 3938]",[3962],0.8875255623721882
"[2112, 2452, 3938]",[1905],0.939873417721519
"[2112, 2862, 4306]",[1905],0.8838526912181303
"[2862, 3962, 4306]","[1905, 2452]",0.8377192982456141
"[1905, 2112, 2862]",[4306],0.9149560117302052
"[1905, 2112, 3962]",[2452],0.9345238095238095
"[1905, 2862, 3962]",[2452],0.9040511727078892
"[2112, 2452, 3962]",[1905],0.9486404833836858
"[2112, 2452, 4306]",[1905],0.9166666666666666
"[2452, 3962, 4306]",[1905],0.927536231884058
"[1905, 2112, 4306]",[2862],0.9096209912536443
"[2452, 4432]",[1905],0.9129593810444874
"[1905, 2452, 2862]",[4306],0.8754940711462451
"[1905, 2862, 4306]",[2452],0.8669275929549902
"[1905, 4123]",[4306],0.8813131313131313
"[3624, 4123]",[1905],0.9141104294478528
"[1905, 2095]",[4306],0.8561797752808988
"[2095, 4123]",[1905],0.9027355623100304
"[607, 4123]",[4306],0.906060606060606
"[4123, 4306]",[1905],0.8903061224489796
"[4123, 4432]",[1905],0.9074626865671642
"[571, 4123]",[1905],0.8735294117647059
"[1962, 4123]",[1905],0.8944281524926686
"[1905, 3106]",[4306],0.8709677419354839
"[3106, 4306]",[1905],0.8816326530612245
"[1905, 2782, 4123]",[4306],0.934375
"[1905, 2782, 4306]",[2452],0.8620689655172413
"[1905, 4123, 4306]",[3962],0.8739255014326648
"[2782, 4123, 4306]",[1905],0.9228395061728395
"[2152, 4306]",[1905],0.8914549653579676
"[1905, 2452, 4123]",[3962],0.9090909090909091
"[1905, 3962, 4123]",[4306],0.9023668639053254
"[2452, 3962, 4123]",[1905],0.9493670886075949
"[3962, 4123, 4306]",[1905],0.9384615384615385
"[1865, 1905]",[571],0.87
"[1865, 2372]",[1905],0.9176829268292683
"[1865, 4432]",[1905],0.9181818181818182
"[571, 1865]",[1905],0.87
"[457, 2452]",[1905],0.913135593220339
"[457, 1905]",[2452],0.890495867768595
"[1865, 1905, 2452]",[571],0.8781869688385269
"[1865, 1905, 3962]",[2452],0.9242424242424242
"[1865, 2452, 3962]",[1905],0.9442724458204335
"[1865, 1905, 2862]",[2452],0.911042944785276
"[1865, 2452, 2862]",[1905],0.9195046439628483
"[1865, 1905, 4306]",[571],0.8895522388059701
"[1865, 2452, 4306]",[1905],0.9154078549848943
"[571, 4306]",[1905],0.850828729281768
"[571, 1865, 1905]",[2452],0.8908045977011494
"[571, 1865, 4306]",[1905],0.8895522388059701
"[571, 1905, 4306]",[2862],0.8701298701298701
"[571, 1865, 2452]",[1905],0.9171597633136095
"[571, 1905, 2452]",[2862],0.8329853862212944
"[571, 1905]",[4306],0.81195079086116
"[1180, 1905]",[4306],0.8497942386831275
"[1180, 4472]",[1905],0.8945783132530121
"[1905, 4472]",[2452],0.8686131386861314
"[30, 1905]",[2452],0.8245614035087719
"[30, 4472]",[1905],0.9281437125748503
"[2452, 4472]",[1905],0.9177377892030848
"[3860, 4472]",[1905],0.924198250728863
"[1905, 4432]",[2452],0.8504504504504504
"[1905, 2452, 4472]",[4306],0.8403361344537815
"[1905, 3938, 4472]",[2452],0.8875739644970414
"[2452, 3938, 4472]",[1905],0.9584664536741214
"[1905, 3962, 4472]",[2452],0.9147058823529411
"[2452, 3962, 4472]",[1905],0.948170731707317
"[1905, 4306, 4472]",[2452],0.8955223880597015
"[2452, 4306, 4472]",[1905],0.9316770186335404
"[191, 3825]",[1905],0.939873417721519
"[1905, 3825]",[3860],0.8428571428571429
"[1905, 3427]",[2452],0.8536585365853658
"[3427, 3825]",[1905],0.9409937888198758
"[2152, 3825]",[1905],0.9237804878048781
"[1798, 3825]",[1905],0.9115853658536586
"[1428, 1905]",[4306],0.8368794326241135
"[1428, 3825]",[1905],0.9151515151515152
"[607, 3825]",[1905],0.9274924471299094
"[571, 3825]",[1905],0.9041916167664671
"[3106, 3825]",[1905],0.9205882352941176
"[3825, 3860]",[1905],0.9291338582677166
"[1905, 3825, 3938]",[3860],0.8771929824561403
"[1905, 3825, 3962]",[2452],0.9044776119402985
"[3825, 3938, 3962]",[1905],0.946031746031746
"[1905, 2452, 3825]",[3860],0.8632478632478633
"[2452, 3825, 3962]",[1905],0.9498432601880877
"[2452, 3825, 3938]",[1905],0.9493670886075949
"[1905, 3825, 3860]",[2452],0.8559322033898306
"[3825, 3860, 3938]",[1905],0.9493670886075949
"[1905, 3938]",[3962],0.8536155202821869
"[1220, 1905, 3624]",[2862],0.8151898734177215
"[1220, 1905, 3825]",[4432],0.8649425287356322
"[1220, 3624, 3825]",[1905],0.939873417721519
"[1905, 3624, 3825]",[2452],0.8869047619047619
"[1905, 2452, 3624]",[4306],0.832258064516129
"[2452, 3624, 3825]",[1905],0.9400630914826499
"[1905, 2862, 3825]",[4306],0.8985074626865671
"[1905, 3825, 4306]",[2862],0.8674351585014409
"[2862, 3825, 4306]",[1905],0.940625
"[1905, 2372, 3825]",[1220],0.8735294117647059
"[1905, 2372, 4432]",[2452],0.8752886836027713
"[1905, 3825, 4432]",[2452],0.8645533141210374
"[2372, 3825, 4432]",[1905],0.9400630914826499
"[1220, 1905, 2372]",[4432],0.883248730964467
"[1220, 2372, 3825]",[1905],0.9369085173501577
"[1220, 2452]",[1905],0.9120879120879121
"[1220, 1905, 3860]",[4432],0.8439897698209718
"[1220, 3825, 3860]",[1905],0.9463722397476341
"[1220, 1905, 4432]",[2452],0.8638613861386139
"[1220, 3825, 4432]",[1905],0.9465408805031447
"[1905, 3860, 4432]",[2452],0.8732394366197183
"[3825, 3860, 4432]",[1905],0.939873417721519
"[1905, 2452, 4432]",[4306],0.836864406779661
"[2452, 3825, 4432]",[1905],0.9404388714733543
"[1905, 2452, 3860]",[4306],0.8282608695652174
"[2452, 3825, 3860]",[1905],0.9558359621451105
"[1905, 2660]",[4306],0.8681592039800995
"[2372, 2660]",[1905],0.9171779141104295
"[2660, 4432]",[1905],0.9033232628398792
"[2660, 4306]",[1905],0.8660049627791563
"[1905, 2660, 2782]",[4306],0.9063444108761329
"[1905, 2660, 4306]",[2862],0.8853868194842407
"[2660, 2782, 4306]",[1905],0.9230769230769231
"[1542, 1905]",[4306],0.8389830508474576
"[1542, 4306]",[1905],0.868421052631579
"[1905, 2452, 2660]",[4306],0.881159420289855
"[1905, 2660, 3962]",[4306],0.8849557522123894
"[2452, 2660, 3962]",[1905],0.934984520123839
"[2660, 3962, 4306]",[1905],0.9174311926605505
"[1905, 2660, 2862]",[4306],0.9251497005988024
"[2452, 2660, 4306]",[1905],0.9156626506024096
"[2660, 2862, 4306]",[1905],0.8778409090909091
"[313, 1905]",[4306],0.8623188405797102
"[313, 2372]",[1905],0.9318885448916409
"[313, 1220]",[1905],0.907185628742515
"[313, 3624]",[1905],0.9228486646884273
"[313, 4306]",[1905],0.8925
"[1180, 4306]",[1905],0.8658280922431866
"[313, 1905, 2452]",[3962],0.8944281524926686
"[313, 1905, 4306]",[2862],0.8599439775910365
"[313, 2452, 4306]",[1905],0.940251572327044
"[313, 1905, 3962]",[4306],0.8895348837209303
"[313, 2452, 3962]",[1905],0.9561128526645768
"[2782, 4306]",[1905],0.9029304029304029
"[313, 1905, 2782]",[4306],0.9194029850746268
"[313, 2782, 4306]",[1905],0.9221556886227545
"[313, 3962, 4306]",[1905],0.9386503067484663
"[313, 1905, 2862]",[4306],0.9274924471299094
"[313, 2862, 4306]",[1905],0.9056047197640118
"[1905, 4043]",[2452],0.8976744186046511
"[2095, 4043]",[1905],0.9195046439628483
"[1798, 4043]",[1905],0.9298780487804879
"[2452, 3925]",[1905],0.916289592760181
"[2452, 4043]",[1905],0.9212410501193318
"[1905, 3925]",[2452],0.8980044345898004
"[2452, 4356]",[1905],0.9134396355353075
"[1905, 4356]",[2452],0.8717391304347826
"[191, 2452, 3962]",[1905],0.943127962085308
"[191, 2452, 4043]",[1905],0.9544072948328267
"[191, 3962, 4043]",[2452],0.9676375404530745
"[2452, 3962, 4043]",[1905],0.9416666666666667
"[191, 2452, 4306]",[1905],0.9330143540669856
"[2452, 4043, 4306]",[1905],0.9340659340659341
"[191, 1905, 4043]",[2452],0.9486404833836858
"[191, 1905, 4306]",[2452],0.9263657957244655
"[1905, 4043, 4306]",[2452],0.9018567639257294
"[191, 1905, 2452]",[4306],0.8647450110864745
"[1905, 2452, 4043]",[4306],0.8808290155440415
"[1905, 2372, 2452]",[4432],0.8348017621145375
"[1905, 2372, 4043]",[2452],0.9230769230769231
"[2372, 2452, 4043]",[1905],0.9404388714733543
"[1905, 3624, 4043]",[2452],0.9373134328358209
"[1905, 3624, 4306]",[2452],0.9
"[3624, 4043, 4306]",[1905],0.943217665615142
"[2452, 3624, 4043]",[1905],0.9457831325301205
"[1905, 4043, 4432]",[2452],0.9289940828402367
"[1905, 4306, 4432]",[2452],0.8758314855875832
"[4043, 4306, 4432]",[1905],0.9347826086956522
"[2452, 4043, 4432]",[1905],0.9373134328358209
"[2452, 3938, 3962]",[1905],0.9293361884368309
"[2452, 3938, 4043]",[1905],0.9525222551928784
"[1905, 3938, 4043]",[2452],0.9277456647398844
"[1905, 3962, 4043]",[2452],0.9237057220708447
"[3938, 3962, 4306]",[1905],0.9229074889867841
"[1905, 3938, 4306]",[3962],0.8952991452991453
"[2782, 3962, 4306]",[1905],0.9383561643835616
"[2782, 4043, 4306]",[1905],0.9442815249266863
"[1905, 2782, 3962]",[4306],0.899343544857768
"[1905, 2782, 4043]",[4306],0.9333333333333333
"[1905, 2782, 2862]",[4306],0.9002123142250531
"[1905, 2862, 4043]",[4306],0.9479768786127167
"[2782, 2862, 4306]",[1905],0.9098712446351931
"[2862, 4043, 4306]",[1905],0.9162011173184358
"[2452, 2782, 4306]",[1905],0.9279475982532751
"[1905, 2452, 2782]",[4306],0.8673469387755102
"[1905, 2782]",[4306],0.8603839441535777
"[3860, 4043, 4306]",[1905],0.9393939393939394
"[2452, 3860, 3962]",[1905],0.9477434679334917
"[2452, 3860, 4043]",[1905],0.9402985074626866
"[1905, 3860, 3962]",[2452],0.8926174496644296
"[1905, 3860, 4043]",[2452],0.9
"[1905, 3860, 4306]",[2452],0.844789356984479
"[1905, 2452, 2862, 4043]",[4306],0.9463722397476341
"[1905, 2452, 2862, 4306]",[571],0.7990970654627539
"[1905, 2452, 4043, 4306]",[3962],0.8970588235294118
"[1905, 2862, 4043, 4306]",[2452],0.9146341463414634
"[2452, 2862, 4043, 4306]",[1905],0.9375
"[2862, 4306]",[1905],0.8602693602693603
"[1905, 2452, 3962, 4043]",[4306],0.8997050147492626
"[1905, 2452, 3962, 4306]",[2862],0.8526785714285714
"[1905, 3962, 4043, 4306]",[2452],0.9186746987951807
"[2452, 3962, 4043, 4306]",[1905],0.941358024691358
"[2452, 3962]",[1905],0.9221453287197232
"[1905, 2452, 3962]",[4306],0.8405253283302064
"[1905, 3962]",[2452],0.8795379537953796
"[2452, 4306]",[1905],0.8977469670710572
"[1905, 2452, 4306]",[2862],0.8552123552123552
"[1905, 4306]",[2452],0.8354838709677419
"[985, 1905]",[2452],0.8714953271028038
"[985, 3925]",[1905],0.9325153374233128
"[985, 1220]",[1905],0.9244712990936556
"[985, 3427]",[1905],0.9307228915662651
"[985, 1962]",[1905],0.9317507418397626
"[985, 2452]",[1905],0.9164619164619164
"[191, 985, 1905]",[2452],0.9196428571428571
"[191, 985, 2452]",[1905],0.9478527607361963
"[985, 1905, 2452]",[4306],0.8471849865951743
"[985, 1905, 3938]",[2452],0.907185628742515
"[985, 1905, 3962]",[2452],0.9096045197740112
"[985, 3938, 3962]",[1905],0.9463722397476341
"[985, 2452, 3938]",[1905],0.9498432601880877
"[985, 1905, 2782]",[2452],0.8964497041420119
"[985, 1905, 4306]",[2452],0.8802228412256268
"[985, 2782, 4306]",[1905],0.940809968847352
"[985, 2452, 2782]",[1905],0.9380804953560371
"[985, 1905, 2862]",[4306],0.9077380952380952
"[985, 2452, 2862]",[1905],0.9380804953560371
"[985, 2862, 4306]",[1905],0.9270516717325228
"[985, 2452, 3962]",[1905],0.9470588235294117
"[985, 2452, 4306]",[1905],0.9321533923303835
"[607, 1202]",[1905],0.8846153846153846
"[1202, 1905]",[4306],0.8333333333333334
"[1202, 3106]",[1905],0.8790560471976401
"[1202, 4306]",[1905],0.8823529411764706
"[1202, 1905, 3962]",[2452],0.9029411764705882
"[1202, 1905, 4306]",[2452],0.863768115942029
"[1202, 3962, 4306]",[1905],0.9341692789968652
"[1202, 1905, 2452]",[4306],0.8394366197183099
"[1202, 2452, 3962]",[1905],0.9388379204892966
"[1202, 1905, 2782]",[4306],0.8768328445747801
"[1202, 2452, 2782]",[1905],0.9316770186335404
"[1202, 2782, 4306]",[1905],0.9228395061728395
"[1202, 1905, 2862]",[4306],0.9014925373134328
"[1202, 2452, 2862]",[1905],0.9138461538461539
"[1202, 2862, 4306]",[1905],0.893491124260355
"[1202, 2452, 4306]",[1905],0.9197530864197531
"[30, 2913]",[1905],0.92
"[1905, 2913]",[2452],0.8660287081339713
"[2913, 3860]",[1905],0.9363636363636364
"[886, 1905]",[2862],0.8279816513761468
"[886, 2913]",[1905],0.9009009009009009
"[2913, 4432]",[1905],0.9258160237388724
"[2452, 2913]",[1905],0.9211195928753181
"[1905, 2913, 3962]",[2452],0.9031339031339032
"[1905, 2913, 4306]",[2862],0.887905604719764
"[2913, 3962, 4306]",[1905],0.943217665615142
"[2452, 2913, 3938]",[1905],0.9418960244648318
"[2452, 2913, 3962]",[1905],0.9462686567164179
"[1905, 2913, 3938]",[2452],0.8927536231884058
"[1905, 2452, 2913]",[3938],0.850828729281768
"[1905, 2862, 2913]",[4306],0.8905325443786982
"[2452, 2862, 2913]",[1905],0.9347826086956522
"[2452, 2913, 4306]",[1905],0.9382716049382716
"[2862, 2913, 4306]",[1905],0.9121212121212121
"[2122, 4432]",[1905],0.9195046439628483
"[798, 2122]",[571],0.9223880597014925
"[2122, 2452]",[571],0.9073170731707317
"[1905, 2122, 2452]",[571],0.9173553719008265
"[1905, 2122, 3962]",[571],0.9290123456790124
"[2122, 2452, 3962]",[571],0.9259259259259259
"[571, 2122, 2452]",[1905],0.8951612903225806
"[571, 2452, 3962]",[1905],0.9299065420560748
"[571, 1905, 2122]",[2452],0.9
"[571, 1905, 3962]",[2452],0.8923766816143498
"[175, 1905]",[571],0.8752997601918465
"[175, 571]",[1905],0.8390804597701149
"[571, 1905, 2782]",[2862],0.8646788990825688
"[571, 2122, 2782]",[1905],0.907185628742515
"[1905, 2122, 2782]",[571],0.9409937888198758
"[2122, 2452, 2862]",[4306],0.8724637681159421
"[571, 1905, 2862]",[4306],0.8777292576419214
"[571, 2122, 2862]",[4306],0.8756906077348067
"[571, 2452, 2862]",[1905],0.9068181818181819
"[1905, 2122, 4306]",[571],0.9235294117647059
"[571, 2122, 4306]",[1905],0.8650137741046832
"[191, 1470]",[2452],0.9490445859872612
"[1470, 2452]",[1905],0.9115479115479116
"[1470, 1905]",[2452],0.8961352657004831
"[1470, 1542]",[1905],0.8862973760932945
"[1470, 1905, 2452]",[4306],0.8463611859838275
"[1470, 1905, 4432]",[2452],0.9143730886850153
"[1470, 2452, 4432]",[1905],0.9522292993630573
"[1470, 1905, 3938]",[2452],0.918918918918919
"[1470, 1905, 3962]",[2452],0.9373219373219374
"[1470, 3938, 3962]",[1905],0.9373040752351097
"[1470, 2452, 3938]",[1905],0.9503105590062112
"[1470, 1905, 2862]",[4306],0.9054878048780488
"[1470, 2452, 2862]",[1905],0.9296636085626911
"[1470, 1905, 4306]",[2452],0.9101449275362319
"[1470, 2862, 4306]",[1905],0.8972809667673716
"[571, 1470, 1905]",[2452],0.9113149847094801
"[571, 1470, 2452]",[1905],0.93125
"[1470, 2452, 3962]",[1905],0.9454022988505747
"[1470, 2452, 4306]",[1905],0.9289940828402367
"[1428, 3427]",[1905],0.9197530864197531
"[607, 1428]",[1905],0.9014925373134328
"[1428, 1798]",[1905],0.8997050147492626
"[1428, 4306]",[1905],0.8784119106699751
"[1428, 1905, 3962]",[2452],0.9147058823529411
"[1428, 1905, 4306]",[2452],0.8700564971751412
"[1428, 3962, 4306]",[1905],0.9283489096573209
"[1428, 1905, 2452]",[4306],0.853185595567867
"[1428, 2452, 3962]",[1905],0.9367469879518072
"[1428, 2782, 2862]",[4306],0.9228395061728395
"[1428, 2782, 4306]",[1905],0.9104477611940298
"[1428, 2862, 4306]",[1905],0.8904899135446686
"[1428, 1905, 2782]",[4306],0.9050445103857567
"[1428, 2452, 2782]",[1905],0.92
"[1428, 1905, 2372]",[4432],0.8988439306358381
"[1428, 2372, 4306]",[1905],0.9369085173501577
"[1905, 2372, 4306]",[2452],0.877030162412993
"[1220, 1428, 1905]",[4432],0.8808139534883721
"[1220, 1428, 2372]",[1905],0.9141104294478528
"[1428, 1905, 3624]",[2452],0.896551724137931
"[1428, 2372, 3624]",[1905],0.9204892966360856
"[1905, 2372, 3624]",[2452],0.8980582524271845
"[1428, 2372, 4432]",[1905],0.9255952380952381
"[1428, 2452, 4432]",[1905],0.9292035398230089
"[2372, 2452, 4432]",[1905],0.9381188118811881
"[1428, 1905, 4432]",[2452],0.8823529411764706
"[1428, 1905, 3860]",[4432],0.8662790697674418
"[1428, 2452, 3860]",[1905],0.9347826086956522
"[1428, 3860, 4432]",[1905],0.9197530864197531
"[1220, 1428, 2452]",[1905],0.9166666666666666
"[1220, 1905, 2452]",[4306],0.8409638554216867
"[1220, 1428, 3624]",[1905],0.9090909090909091
"[1220, 1428, 4432]",[1905],0.9154078549848943
"[1428, 1905, 2862]",[4306],0.911504424778761
"[1428, 2452, 4306]",[1905],0.9112426035502958
"[1428, 2452, 3624]",[1905],0.9122807017543859
"[2452, 3624, 4306]",[1905],0.9236276849642004
"[1428, 3624, 4432]",[1905],0.9136904761904762
"[1905, 3624, 4432]",[2862],0.8201438848920863
"[1428, 4306, 4432]",[1905],0.9020771513353115
"[457, 758]",[1905],0.9174311926605505
"[758, 1905]",[4306],0.8260869565217391
"[758, 3106]",[1905],0.9099099099099099
"[758, 1220]",[1905],0.8997050147492626
"[758, 4306]",[1905],0.9025
"[758, 1905, 2782]",[4306],0.9003021148036254
"[758, 1905, 4306]",[3962],0.889196675900277
"[758, 2782, 4306]",[1905],0.952076677316294
"[758, 1905, 3860]",[3962],0.8820058997050148
"[758, 1905, 3962]",[4306],0.8629032258064516
"[758, 3860, 3962]",[1905],0.943217665615142
"[758, 1905, 2862]",[4306],0.9142011834319527
"[758, 2862, 3962]",[1905],0.9551282051282052
"[758, 2862, 4306]",[1905],0.9169139465875371
"[758, 1905, 1962]",[3938],0.9039039039039038
"[758, 1962, 3962]",[1905],0.9430379746835443
"[758, 1905, 3938]",[3962],0.8985915492957747
"[758, 1962, 3938]",[1905],0.9261538461538461
"[758, 2452, 3962]",[1905],0.9530791788856305
"[758, 3938, 3962]",[1905],0.9410029498525073
"[758, 1905, 2452]",[3962],0.8928571428571429
"[758, 3962, 4306]",[1905],0.9413489736070382
"[175, 3938]",[1905],0.9197530864197531
"[175, 2372]",[1905],0.9272727272727272
"[175, 1905, 2452]",[571],0.8983516483516484
"[175, 1905, 3962]",[571],0.9115853658536586
"[175, 2452, 3962]",[1905],0.9472049689440993
"[175, 571, 1905]",[2862],0.8684931506849315
"[175, 571, 3962]",[1905],0.9285714285714286
"[798, 1905]",[2862],0.8781038374717833
"[175, 457, 1905]",[571],0.9113149847094801
"[175, 457, 2452]",[1905],0.934375
"[457, 1905, 2452]",[2862],0.839907192575406
"[175, 457, 571]",[1905],0.9030303030303031
"[457, 571, 1905]",[2452],0.8994974874371859
"[175, 571, 2452]",[1905],0.9134078212290503
"[175, 571, 2782]",[1905],0.8962536023054755
"[175, 1905, 2782]",[571],0.8911174785100286
"[175, 571, 4306]",[2862],0.8857938718662952
"[175, 2862, 4306]",[571],0.8907563025210085
"[175, 571, 2862]",[1905],0.8661202185792349
"[571, 2782, 2862]",[1905],0.8976190476190476
"[175, 1905, 2862]",[571],0.8879551820728291
"[1905, 2862]",[4306],0.8661016949152542
"[2095, 3925]",[1905],0.9230769230769231
"[2452, 3427]",[1905],0.9232613908872902
"[1798, 1905, 2452]",[2862],0.8540145985401459
"[1798, 1905, 3925]",[2452],0.9115853658536586
"[1798, 2452, 3925]",[1905],0.9492063492063492
"[1905, 2452, 3925]",[4306],0.8469135802469135
"[457, 1905, 3925]",[2452],0.9281437125748503
"[457, 2452, 3925]",[1905],0.9393939393939394
"[1905, 1962, 2452]",[3938],0.8536036036036037
"[1905, 1962, 3925]",[2452],0.8994082840236687
"[1962, 2452, 3925]",[1905],0.9440993788819876
"[1905, 2372, 3925]",[2452],0.9005681818181818
"[1905, 3925, 4432]",[2452],0.9155313351498637
"[2372, 3925, 4432]",[1905],0.9535603715170279
"[1905, 3925, 4306]",[2452],0.9050131926121372
"[2372, 3925, 4306]",[1905],0.9475308641975309
"[2372, 2452, 3925]",[1905],0.9434523809523809
"[1905, 3860, 3925]",[2452],0.8941504178272981
"[1905, 3925, 3938]",[2452],0.9147727272727273
"[3860, 3925, 3938]",[1905],0.9612903225806452
"[1905, 3938, 4432]",[2452],0.8852459016393442
"[3925, 3938, 4432]",[1905],0.954983922829582
"[2452, 3925, 3938]",[1905],0.9442815249266863
"[2452, 3925, 4306]",[1905],0.927027027027027
"[2452, 3925, 3962]",[1905],0.936
"[1905, 3925, 3962]",[2452],0.9285714285714286
"[1905, 2782, 3925]",[2452],0.9314285714285714
"[1905, 2782, 4432]",[2452],0.8860465116279069
"[2782, 3925, 4432]",[1905],0.9614147909967846
"[2452, 2782, 3624]",[1905],0.9271844660194175
"[2452, 2782, 3925]",[1905],0.9394812680115274
"[2452, 3624, 3925]",[1905],0.9273743016759777
"[2782, 3624, 3925]",[2452],0.9522292993630573
"[2452, 2862, 3925]",[1905],0.9291784702549575
"[1905, 2862, 3925]",[2452],0.9111111111111111
"[571, 1905, 3925]",[2452],0.9020172910662824
"[571, 3925, 3962]",[1905],0.9430379746835443
"[571, 2862, 3925]",[1905],0.9283489096573209
"[571, 3925, 4306]",[1905],0.9237804878048781
"[571, 2452, 3925]",[1905],0.93993993993994
"[191, 1905, 3925]",[2452],0.924791086350975
"[191, 1905, 4432]",[2452],0.9254498714652957
"[191, 3925, 4432]",[1905],0.9554140127388535
"[191, 1905, 3962]",[2452],0.9544364508393285
"[191, 2452, 3925]",[1905],0.9405099150141643
"[1905, 3624, 3925]",[2452],0.9352112676056338
"[1905, 3624, 3962]",[2452],0.9254079254079254
"[2452, 3624, 3962]",[1905],0.9429928741092637
"[2452, 3624, 4432]","[1905, 2862]",0.7808564231738035
"[2452, 3925, 4432]",[1905],0.9438202247191011
"[3860, 3925, 3962]",[1905],0.9559748427672956
"[3860, 3925, 4432]",[1905],0.9444444444444444
"[3860, 3925, 4306]",[1905],0.9355828220858896
"[2452, 3860, 3925]",[1905],0.9441176470588235
"[1905, 2862, 4432]",[4306],0.8881118881118881
"[2862, 3925, 4432]",[1905],0.946031746031746
"[2452, 3962, 4432]",[1905],0.9427207637231504
"[1905, 3962, 4432]",[2452],0.8997722095671982
"[2452, 4306, 4432]",[1905],0.9316037735849056
"[1905, 2452, 3925, 3962]",[4306],0.8689458689458689
"[1905, 2452, 3925, 4306]",[3962],0.8892128279883382
"[1905, 3925, 3962, 4306]",[2452],0.9270516717325228
"[2452, 3925, 3962, 4306]",[1905],0.941358024691358
"[1905, 2452]",[4306],0.8031007751937984
"[607, 886]",[1905],0.9143730886850153
"[886, 1542]",[1905],0.8975903614457831
"[30, 886]",[1905],0.9093567251461988
"[886, 1180]",[1905],0.8895348837209303
"[886, 2862]",[1905],0.8848039215686274
"[886, 1905, 2452]",[2862],0.8453333333333334
"[886, 1905, 3624]",[2452],0.9088145896656535
"[886, 2452, 3624]",[1905],0.9373040752351097
"[886, 1905, 3860]",[2452],0.8801169590643275
"[886, 2452, 3860]",[1905],0.9647435897435898
"[886, 1905, 4432]",[2372],0.8830409356725146
"[886, 2452, 4432]",[1905],0.9467084639498433
"[886, 1905, 2372]",[2452],0.8753541076487252
"[886, 2372, 4432]",[1905],0.937888198757764
"[886, 1905, 3938]",[2452],0.8872832369942196
"[886, 1905, 3962]",[2452],0.8968481375358166
"[886, 3938, 3962]",[1905],0.940251572327044
"[886, 1905, 4306]",[2862],0.8864265927977839
"[886, 3962, 4306]",[1905],0.9327217125382263
"[886, 2452, 3962]",[1905],0.9513677811550152
"[886, 1905, 2782]",[4306],0.8942857142857142
"[886, 2452, 2782]",[1905],0.9447852760736196
"[886, 1905, 2862]",[2452],0.8781163434903048
"[886, 2782, 2862]",[1905],0.9331306990881459
"[886, 2782, 4306]",[1905],0.9427710843373494
"[886, 2452, 3938]",[1905],0.941717791411043
"[886, 2372, 4306]",[1905],0.9411764705882353
"[886, 2372, 2862]",[1905],0.9226006191950464
"[1905, 2372, 2862]",[2452],0.8862559241706162
"[886, 2372, 2452]",[1905],0.9478527607361963
"[571, 886, 1905]",[2862],0.8685714285714285
"[571, 886, 2452]",[1905],0.9386503067484663
"[571, 886, 2862]",[1905],0.9101796407185628
"[886, 2452, 2862]",[1905],0.9323529411764706
"[886, 2862, 4306]",[1905],0.9014084507042254
"[3427, 4356]",[1905],0.9430379746835443
"[30, 3427]",[1905],0.9323076923076923
"[1180, 3427]",[1905],0.9141104294478528
"[1542, 3427]",[1905],0.9085365853658537
"[2095, 3427]",[1905],0.9171597633136095
"[191, 1905, 3427]",[2452],0.9255952380952381
"[1905, 3427, 3962]",[2452],0.89501312335958
"[191, 2452, 3427]",[1905],0.9452887537993921
"[2452, 3427, 3962]",[1905],0.9393939393939394
"[1905, 2452, 3427]",[3962],0.8857142857142857
"[1905, 3427, 3624]",[2452],0.9107142857142857
"[2452, 3427, 3624]",[1905],0.9444444444444444
"[1905, 3106, 3427]",[4306],0.8931750741839762
"[1905, 3106, 4306]",[2862],0.8680555555555556
"[1905, 3427, 4306]",[3962],0.8783068783068783
"[3106, 3427, 4306]",[1905],0.940625
"[1905, 2372, 3427]",[2452],0.8956521739130435
"[2372, 3427, 4306]",[1905],0.952076677316294
"[1905, 2372, 3962]",[2452],0.9004739336492891
"[2372, 3427, 3962]",[1905],0.9525316455696202
"[1905, 3427, 4432]",[2452],0.8950276243093923
"[2372, 3427, 4432]",[1905],0.94375
"[2372, 2452, 3427]",[1905],0.944954128440367
"[1905, 1962, 3427]",[2452],0.8739255014326648
"[1905, 1962, 4432]",[2452],0.8709677419354839
"[1962, 3427, 4432]",[1905],0.954983922829582
"[1905, 1962, 4306]",[3938],0.8534883720930233
"[1962, 3427, 4306]",[1905],0.946031746031746
"[1905, 3427, 3860]",[2452],0.8661202185792349
"[1962, 3427, 3860]",[1905],0.9462025316455697
"[1962, 3427, 3962]",[1905],0.9472049689440993
"[1962, 2452, 3427]",[1905],0.9472049689440993
"[1905, 2782, 3427]",[2862],0.8389830508474576
"[2782, 3427, 4432]",[1905],0.9676375404530745
"[2782, 3427, 3962]",[1905],0.953416149068323
"[2452, 2782, 3427]",[1905],0.9573170731707317
"[2782, 3427, 4306]",[1905],0.954954954954955
"[1905, 2862, 3427]",[4306],0.9085714285714286
"[2782, 2862, 3427]",[1905],0.954983922829582
"[2862, 3427, 3962]",[1905],0.9528301886792453
"[2452, 2862, 3427]",[1905],0.9476923076923077
"[2862, 3427, 4306]",[1905],0.9408284023668639
"[1905, 3427, 3938]",[3962],0.9108635097493036
"[3427, 3938, 4432]",[1905],0.9583333333333334
"[3427, 3860, 3938]",[1905],0.9498432601880877
"[3427, 3938, 3962]",[1905],0.9423631123919308
"[3427, 3962, 4306]",[1905],0.9512893982808023
"[1905, 2452, 3427, 3938]",[3962],0.93125
"[1905, 2452, 3427, 3962]",[4306],0.8797653958944281
"[1905, 2452, 3938, 3962]",[4306],0.8732718894009217
"[1905, 3427, 3938, 3962]",[2452],0.9113149847094801
"[2452, 3427, 3938, 3962]",[1905],0.946031746031746
"[3427, 3860, 4432]",[1905],0.9447852760736196
"[3427, 4306, 4432]",[1905],0.9571865443425076
"[2452, 3427, 4432]",[1905],0.9501466275659824
"[2452, 3427, 3860]",[1905],0.9434523809523809
"[3427, 3860, 4306]",[1905],0.93993993993994
"[1905, 2452, 3427, 4306]",[3962],0.9259259259259259
"[1905, 3427, 3962, 4306]",[2452],0.9036144578313253
"[2452, 3427, 3962, 4306]",[1905],0.9554140127388535
"[1905, 3605]",[2452],0.8835616438356164
"[2452, 3605]",[1905],0.8937644341801386
"[1962, 3605]",[1905],0.9259259259259259
"[1798, 3605]",[1905],0.9186746987951807
"[2452, 3605, 4306]",[1905],0.9216216216216216
"[3605, 3938, 3962]",[2452],0.9159159159159159
"[1905, 3605, 3938]",[2452],0.9117647058823529
"[1905, 3605, 4306]",[2452],0.8926701570680629
"[1905, 3605, 3962]",[2452],0.907103825136612
"[2452, 3605, 3962]",[1905],0.9299719887955182
"[1905, 2452, 3605]",[4306],0.8811369509043928
"[571, 2452, 3605]",[2862],0.8761061946902655
"[571, 2862, 3605]",[2452],0.8813056379821959
"[2862, 3605, 4306]",[1905],0.9059139784946236
"[1905, 2862, 3605]",[4306],0.9207650273224044
"[1905, 2782, 3605]",[2452],0.8977900552486188
"[2782, 2862, 3605]",[2452],0.8942857142857142
"[1905, 2782, 2862, 3605]",[4306],0.9375
"[1905, 2782, 2862, 4306]",[2452],0.8891509433962265
"[1905, 2782, 3605, 4306]",[2862],0.9118541033434651
"[1905, 2862, 3605, 4306]",[2452],0.8991097922848664
"[2782, 2862, 3605, 4306]",[1905],0.9433962264150944
"[1905, 2452, 3605, 3962]",[4306],0.9066265060240963
"[1905, 2452, 3605, 4306]",[2862],0.8885630498533724
"[1905, 3605, 3962, 4306]",[2452],0.9121212121212121
"[2452, 3605, 3962, 4306]",[1905],0.940625
"[1905, 2452, 2862, 3605]",[4306],0.926605504587156
"[2452, 2862, 3605, 4306]",[1905],0.9294478527607362
"[457, 2095]",[1905],0.9252336448598131
"[1180, 2095]",[1905],0.8978978978978979
"[1798, 2095]",[1905],0.9069767441860465
"[2095, 4306]",[1905],0.9071428571428571
"[1905, 2095, 2452]",[4306],0.8643617021276596
"[1905, 2095, 3624]",[2452],0.9141104294478528
"[2095, 2452, 3624]",[1905],0.9371069182389937
"[1905, 2095, 3938]",[3860],0.8862973760932945
"[2095, 2452, 3938]",[1905],0.9528301886792453
"[1905, 2095, 3962]",[2452],0.8937329700272479
"[2095, 3938, 3962]",[1905],0.95
"[1905, 2095, 4306]",[2452],0.8530183727034121
"[2095, 3938, 4306]",[1905],0.9439252336448598
"[1905, 2095, 3860]",[4306],0.8820375335120644
"[2095, 3860, 3938]",[1905],0.9440993788819876
"[1905, 1962, 2095]",[3860],0.8892128279883382
"[1962, 2095, 2452]",[1905],0.9490445859872612
"[1962, 2095, 3860]",[1905],0.9298780487804879
"[607, 1905, 2095]",[4306],0.8928571428571429
"[607, 1905, 3860]",[4306],0.8891891891891892
"[607, 2095, 3860]",[1905],0.9252336448598131
"[607, 1905, 4306]",[2862],0.8731707317073171
"[607, 2095, 4306]",[1905],0.9259259259259259
"[1905, 2095, 4432]",[2452],0.8866279069767442
"[2095, 4306, 4432]",[1905],0.9341692789968652
"[2095, 3860, 4432]",[1905],0.9287925696594427
"[2095, 2452, 4432]",[1905],0.9270516717325228
"[1905, 2095, 3106]",[4306],0.8938053097345132
"[2095, 3106, 4306]",[1905],0.926605504587156
"[1905, 2095, 2782]",[4306],0.9202279202279202
"[2095, 2782, 3962]",[1905],0.9493670886075949
"[2095, 2782, 4306]",[1905],0.930835734870317
"[2095, 3860, 4306]",[1905],0.9267605633802817
"[2782, 3860, 4306]",[1905],0.9422110552763819
"[1905, 2782, 3860]",[4306],0.8865248226950354
"[1905, 2095, 2862]",[4306],0.9241573033707865
"[2095, 2862, 4306]",[1905],0.9189944134078212
"[2095, 2452, 4306]",[1905],0.9393063583815029
"[2095, 2452, 3962]",[1905],0.9452449567723343
"[1905, 2862, 3860]",[4306],0.8952380952380953
"[2862, 3860, 4306]",[1905],0.9148418491484185
"[2452, 3860, 4306]",[1905],0.9338235294117647
"[798, 4356]",[2862],0.9141104294478528
"[1542, 4356]",[1905],0.9033232628398792
"[30, 4356]",[1905],0.9223880597014925
"[607, 4356]",[1905],0.9074626865671642
"[191, 1905, 4356]",[2452],0.941717791411043
"[191, 2452, 4356]",[1905],0.959375
"[1905, 2452, 4356]",[2862],0.8478802992518704
"[1220, 1905, 4356]",[3624],0.8849557522123894
"[1220, 2452, 4356]",[1905],0.9433962264150944
"[1220, 3624, 4356]",[1905],0.9404388714733543
"[1905, 3624, 4356]",[2452],0.9083557951482479
"[1905, 1962, 4356]",[2452],0.8982558139534884
"[1905, 3938, 4356]",[2452],0.8947368421052632
"[1962, 3938, 4356]",[1905],0.9680511182108626
"[1905, 1962, 3624]",[2452],0.9134860050890585
"[1962, 3624, 4356]",[1905],0.945859872611465
"[1905, 3860, 4356]",[2452],0.8913649025069638
"[1962, 3860, 4356]",[1905],0.9339622641509434
"[1962, 2452, 4356]",[1905],0.9566563467492261
"[1180, 1905, 2782]",[4306],0.8844221105527639
"[1180, 1905, 4356]",[2452],0.8911764705882353
"[1180, 2782, 4356]",[1905],0.9195046439628483
"[1905, 2782, 4356]",[2862],0.8809523809523809
"[1180, 1905, 2452]",[4306],0.8646080760095012
"[1180, 2452, 4356]",[1905],0.9181818181818182
"[1905, 3624, 3938]",[2452],0.9099756690997567
"[3624, 3938, 4356]",[1905],0.9617834394904459
"[1905, 4356, 4432]",[2452],0.894878706199461
"[3938, 4356, 4432]",[1905],0.9558359621451105
"[1905, 2372, 3938]",[2452],0.8883610451306413
"[1905, 2372, 4356]",[2452],0.8966480446927374
"[2372, 3938, 4356]",[1905],0.9529780564263323
"[3860, 3938, 4356]",[1905],0.9566563467492261
"[1905, 2782, 3938]",[2452],0.8838268792710706
"[2782, 3938, 4356]",[1905],0.9504643962848297
"[2862, 3938, 4306]",[1905],0.9252336448598131
"[2862, 4306, 4356]",[1905],0.8992042440318302
"[1905, 4306, 4356]",[2862],0.8944591029023746
"[2452, 2862, 4356]",[1905],0.9164420485175202
"[2452, 3938, 4356]",[1905],0.95
"[1905, 2862, 3938]",[4306],0.8878923766816144
"[1905, 2862, 4356]",[2452],0.8923884514435696
"[2452, 3962, 4356]",[1905],0.9361111111111111
"[1905, 3962, 4356]",[2452],0.9108108108108108
"[1905, 3624, 3860]",[2452],0.906801007556675
"[3624, 3860, 4356]",[1905],0.9493670886075949
"[2782, 3860, 4356]",[1905],0.9470404984423676
"[3860, 4356, 4432]",[1905],0.9382716049382716
"[2862, 3860, 4356]",[1905],0.9292307692307692
"[3860, 3962, 4356]",[1905],0.941717791411043
"[3860, 4306, 4356]",[1905],0.9263803680981595
"[2452, 3860, 4356]",[1905],0.9495548961424333
"[1905, 2372, 2782]",[2452],0.8848920863309353
"[2372, 2782, 4356]",[1905],0.9418960244648318
"[2372, 4306, 4356]",[1905],0.9357798165137615
"[2372, 2452, 3624]",[1905],0.9414758269720102
"[2372, 2452, 4356]",[1905],0.9441176470588235
"[2452, 3624, 4356]",[1905],0.9387186629526463
"[2452, 4356, 4432]",[1905],0.9485714285714286
"[2372, 2452, 2862]",[1905],0.935
"[3962, 4356, 4432]",[1905],0.946875
"[571, 1905, 4356]",[2862],0.8657534246575342
"[571, 3962, 4356]",[1905],0.9240121580547113
"[2782, 4306, 4356]","[1905, 2862]",0.8429752066115702
"[1905, 2782, 3624]",[2452],0.9009433962264151
"[2452, 2862, 3624]",[1905],0.9306930693069307
"[1905, 2862, 3624]",[2452],0.9038461538461539
"[2452, 2782, 4432]",[1905],0.9315403422982885
"[2862, 4306, 4432]",[1905],0.9093078758949881
"[571, 2862, 4356]",[1905],0.9028571428571428
"[1905, 2452, 2782, 4306]",[2862],0.8870588235294118
"[1905, 2452, 2782, 4356]",[2862],0.9036144578313253
"[1905, 2452, 4306, 4356]",[2862],0.9107142857142857
"[1905, 2782, 4306, 4356]",[2862],0.9080118694362018
"[2452, 2782, 4306, 4356]",[1905],0.9375
"[1905, 2452, 2782, 2862]",[4306],0.90625
"[1905, 2452, 2862, 4356]",[4306],0.9
"[1905, 2782, 2862, 4356]",[4306],0.918918918918919
"[2452, 2782, 2862, 4356]",[1905],0.9316770186335404
"[1905, 2862, 4306, 4356]",[2452],0.9026548672566371
"[2782, 2862, 4306, 4356]",[1905],0.9300911854103343
"[2452, 2862, 4306, 4356]",[1905],0.9216867469879518
"[30, 191]",[1905],0.9433962264150944
"[30, 457]",[1905],0.918918918918919
"[30, 607]",[1905],0.8964497041420119
"[30, 2452]",[1905],0.9193154034229829
"[30, 1905, 2782]",[4306],0.8775510204081632
"[30, 1905, 4306]",[2452],0.8555858310626703
"[30, 2782, 4306]",[1905],0.9465408805031447
"[30, 1905, 2452]",[3938],0.8404255319148937
"[30, 1905, 3624]",[2452],0.8757225433526011
"[30, 2452, 3624]",[1905],0.9439252336448598
"[30, 1220, 1905]",[2372],0.8641618497109826
"[30, 1220, 2372]",[1905],0.9171779141104295
"[30, 1905, 2372]",[4432],0.8627450980392157
"[30, 1905, 3962]",[2452],0.8837837837837837
"[30, 2372, 3962]",[1905],0.946031746031746
"[30, 2372, 2452]",[1905],0.9475308641975309
"[30, 1905, 3938]",[2452],0.8517520215633423
"[30, 2372, 3938]",[1905],0.9420731707317073
"[30, 1905, 4432]",[2452],0.8463687150837989
"[30, 2372, 4432]",[1905],0.9333333333333333
"[30, 1905, 3860]",[1962],0.8651685393258427
"[30, 2452, 3860]",[1905],0.9467084639498433
"[30, 3860, 3962]",[1905],0.9375
"[30, 3860, 3938]",[1905],0.9361702127659575
"[30, 1905, 1962]",[3938],0.8823529411764706
"[30, 1962, 3860]",[1905],0.9221556886227545
"[30, 1905, 2862]",[4306],0.8857142857142857
"[30, 2862, 3962]",[1905],0.93125
"[30, 2452, 2862]",[1905],0.9325153374233128
"[30, 2862, 4306]",[1905],0.9144542772861357
"[30, 3962, 4432]",[1905],0.934375
"[30, 3938, 4432]",[1905],0.9347826086956522
"[30, 2452, 4432]",[1905],0.9380804953560371
"[30, 1962, 3962]",[1905],0.9442724458204335
"[30, 2452, 3962]",[1905],0.9396551724137931
"[30, 2452, 4306]",[1905],0.9401197604790419
"[30, 2452, 3938]",[1905],0.9432835820895522
"[30, 1962, 4306]",[1905],0.9310344827586207
"[30, 1962, 2452]",[1905],0.934984520123839
"[30, 1962, 3938]",[1905],0.9237536656891495
"[30, 3938, 4306]",[1905],0.9367469879518072
"[798, 1962]",[1905],0.9207317073170732
"[798, 1220]",[2862],0.9039039039039038
"[798, 1905, 2862]",[4306],0.8997429305912596
"[798, 1905, 4432]",[2862],0.9027355623100304
"[798, 2862, 4432]",[1905],0.922360248447205
"[798, 1905, 3106]",[2862],0.9283489096573209
"[798, 2862, 3106]",[4306],0.9194029850746268
"[1905, 2862, 3106]",[4306],0.9213759213759214
"[798, 2862, 4306]",[1905],0.8706467661691543
"[798, 3106, 4306]",[2862],0.9447852760736196
"[2862, 3106, 4306]",[1905],0.8949880668257757
"[798, 1905, 2782]",[2862],0.9095744680851063
"[798, 1905, 3938]",[2862],0.9104477611940298
"[798, 2782, 3938]",[1905],0.9400630914826499
"[798, 1905, 2452]",[2862],0.9026315789473685
"[798, 2452, 3938]",[1905],0.9375
"[798, 1905, 4306]",[2862],0.9259259259259259
"[798, 2862, 3938]",[1905],0.9214501510574018
"[798, 1905, 3962]",[2862],0.9014492753623189
"[798, 2782, 3962]",[1905],0.940625
"[798, 2452, 3962]",[2862],0.9134328358208955
"[798, 2452, 2862]",[1905],0.9002624671916011
"[571, 798, 4306]",[2862],0.9213483146067416
"[571, 798, 2862]",[4306],0.8986301369863013
"[798, 2782, 2862]",[1905],0.9071618037135278
"[798, 2452, 2782, 2862]",[1905],0.9274924471299094
"[798, 2452, 2782, 4306]",[2862],0.9523809523809523
"[798, 2452, 2862, 4306]",[1905],0.9096209912536443
"[798, 2782, 2862, 4306]",[1905],0.9258160237388724
"[2452, 2782, 2862, 4306]",[1905],0.9331683168316832
"[798, 1905, 2452, 2782]",[2862],0.9303030303030303
"[798, 1905, 2452, 2862]",[4306],0.9096209912536443
"[798, 1905, 2782, 2862]",[4306],0.9122807017543859
"[798, 1905, 2782, 4306]",[2862],0.9397590361445783
"[798, 1905, 2862, 4306]",[2452],0.8914285714285715
"[798, 1905, 2452, 4306]",[2862],0.9454545454545454
"[191, 1180, 1905]",[2452],0.9395770392749244
"[191, 1180, 2452]",[1905],0.9424242424242424
"[191, 2452, 3106]",[1905],0.9401197604790419
"[191, 3106, 3962]",[2452],0.9581993569131833
"[191, 1905, 2862]",[2452],0.9395465994962217
"[191, 1905, 3106]",[2452],0.9317507418397626
"[191, 2862, 3106]",[1905],0.9488817891373802
"[2452, 3106, 4306]",[1905],0.9185750636132316
"[1905, 2452, 3106]",[4306],0.878345498783455
"[191, 607, 2452]",[1905],0.9483282674772037
"[607, 2452, 4306]",[1905],0.9306666666666666
"[191, 607, 1905]",[2452],0.9149560117302052
"[607, 1905, 2452]",[4306],0.8790931989924433
"[191, 1798, 1905]",[2452],0.9135446685878963
"[191, 1798, 3962]",[1905],0.9646302250803859
"[1798, 1905, 3962]",[2452],0.8994845360824743
"[191, 1798, 2862]",[1905],0.9522292993630573
"[1798, 1905, 2862]",[2452],0.8819095477386935
"[191, 1798, 4306]",[1905],0.953125
"[1798, 1905, 4306]",[2862],0.8841309823677582
"[191, 1798, 2452]",[1905],0.9519519519519519
"[191, 1220, 1905]",[2452],0.9248554913294798
"[191, 1220, 4432]",[1905],0.952076677316294
"[191, 1220, 2452]",[1905],0.9411764705882353
"[1220, 2452, 3962]",[1905],0.946949602122016
"[1220, 1905, 3962]",[2452],0.8925
"[191, 1220, 4306]",[1905],0.945859872611465
"[1220, 1905, 4306]",[2452],0.8596059113300493
"[191, 457, 1905]",[2452],0.9385474860335196
"[457, 1905, 2862]",[2452],0.9141414141414141
"[191, 457, 2452]",[1905],0.9411764705882353
"[191, 2452, 2862]",[1905],0.9419191919191919
"[457, 2452, 2862]",[1905],0.923469387755102
"[457, 1905, 3962]",[2452],0.9318181818181818
"[457, 2452, 3962]",[1905],0.9510309278350515
"[191, 457, 1905, 2452]",[3962],0.8928571428571429
"[191, 457, 1905, 3962]",[2452],0.967741935483871
"[191, 457, 2452, 3962]",[1905],0.9615384615384616
"[191, 1905, 2452, 3962]",[4306],0.8819095477386935
"[457, 1905, 2452, 3962]",[4306],0.8617886178861789
"[457, 1905, 4306]",[2452],0.9137055837563451
"[457, 2452, 4306]",[1905],0.9278350515463918
"[191, 1905, 1962]",[2452],0.9262295081967213
"[191, 1905, 3860]",[2452],0.9146666666666666
"[191, 1962, 3860]",[1905],0.9617834394904459
"[191, 1962, 2862]",[1905],0.9587301587301588
"[1905, 1962, 2862]",[4306],0.8946078431372549
"[191, 1962, 2452]",[1905],0.952247191011236
"[191, 2452, 3624]",[1905],0.938337801608579
"[1962, 2452, 3624]",[1905],0.9422572178477691
"[191, 1905, 3624]",[2452],0.938337801608579
"[191, 2452, 4432]",[1905],0.9498680738786279
"[1962, 2452, 4432]",[1905],0.9410187667560321
"[191, 1905, 1962, 2452]",[3962],0.911504424778761
"[191, 1905, 1962, 4306]",[2452],0.9369085173501577
"[191, 1905, 2452, 4306]",[3962],0.9
"[191, 1962, 2452, 4306]",[1905],0.9611650485436893
"[1905, 1962, 2452, 4306]",[3938],0.8783783783783784
"[191, 2452, 3938]",[1905],0.9487179487179487
"[1962, 2452, 3938]",[1905],0.949874686716792
"[191, 1905, 3938]",[2452],0.9438775510204082
"[191, 1905, 1962, 3938]",[2452],0.9433962264150944
"[191, 1905, 2452, 3938]",[3962],0.9216216216216216
"[191, 1962, 2452, 3938]",[1905],0.9584664536741214
"[1905, 1962, 2452, 3938]",[4306],0.8575197889182058
"[1962, 2452, 3962]",[1905],0.9466019417475728
"[191, 1905, 1962, 3962]",[2452],0.9626168224299065
"[191, 1962, 2452, 3962]",[1905],0.9537037037037037
"[1905, 1962, 2452, 3962]",[3938],0.8743589743589744
"[191, 1905, 2372]",[2452],0.9301075268817204
"[191, 2372, 3860]",[1905],0.954983922829582
"[1905, 2372, 3860]",[2452],0.8765432098765432
"[191, 2452, 2782]",[1905],0.9424083769633508
"[191, 2452, 3860]",[1905],0.9554317548746518
"[191, 1905, 2782]",[2452],0.9375
"[2452, 3860, 4432]",[1905],0.9370277078085643
"[191, 1905, 2452, 3860]",[4306],0.8775510204081632
"[191, 1905, 3860, 3938]",[2452],0.9428571428571428
"[191, 2452, 3860, 3938]",[1905],0.9642857142857143
"[1905, 2452, 3860, 3938]",[3962],0.900523560209424
"[191, 1905, 3860, 3962]",[2452],0.9569230769230769
"[191, 2452, 3860, 3962]",[1905],0.9628482972136223
"[1905, 2452, 3860, 3962]",[4306],0.8671679197994987
"[191, 1905, 3860, 4306]",[2452],0.9261538461538461
"[191, 2452, 3860, 4306]",[1905],0.9555555555555556
"[1905, 2452, 3860, 4306]",[3962],0.9081364829396326
"[191, 571, 2452]",[1905],0.9390581717451524
"[191, 571, 1905]",[2452],0.9237057220708447
"[191, 571, 1905, 2452]",[4306],0.8849557522123894
"[191, 571, 1905, 3962]",[2452],0.9529780564263323
"[191, 571, 2452, 3962]",[1905],0.95
"[571, 1905, 2452, 3962]",[4306],0.8693467336683417
"[191, 571, 1905, 4306]",[2452],0.9375
"[191, 571, 2452, 4306]",[1905],0.9404388714733543
"[571, 1905, 2452, 4306]",[2862],0.8916876574307305
"[191, 2372, 2452]",[1905],0.9376693766937669
"[2372, 2452, 2782]",[1905],0.9437340153452686
"[2372, 2452, 3938]",[1905],0.9420654911838791
"[191, 1905, 2372, 2452]",[4306],0.884393063583815
"[191, 1905, 2372, 3938]",[2452],0.9490445859872612
"[191, 2372, 2452, 3938]",[1905],0.9490445859872612
"[1905, 2372, 2452, 3938]",[4306],0.8556149732620321
"[191, 1905, 2372, 2862]",[2452],0.9523809523809523
"[191, 1905, 2452, 2862]",[4306],0.9115281501340483
"[191, 2372, 2452, 2862]",[1905],0.9523809523809523
"[1905, 2372, 2452, 2862]",[4306],0.8877005347593583
"[2372, 2452, 3962]",[1905],0.95
"[191, 1905, 2372, 3962]",[2452],0.9559748427672956
"[191, 2372, 2452, 3962]",[1905],0.9559748427672956
"[1905, 2372, 2452, 3962]",[3938],0.8736842105263158
"[191, 1905, 2372, 4432]",[2452],0.9415384615384615
"[191, 1905, 2452, 4432]",[4306],0.875
"[191, 2372, 2452, 4432]",[1905],0.9532710280373832
"[1905, 2372, 2452, 4432]",[4306],0.8522427440633246
"[2372, 2452, 4306]",[1905],0.9379652605459057
"[191, 1905, 2372, 4306]",[2452],0.9415384615384615
"[191, 2372, 2452, 4306]",[1905],0.9473684210526315
"[1905, 2372, 2452, 4306]",[4432],0.8544973544973545
"[2452, 3624, 3938]",[1905],0.9420654911838791
"[191, 1905, 2452, 3624]",[4306],0.8771428571428571
"[191, 1905, 3624, 3938]",[2452],0.9492063492063492
"[191, 2452, 3624, 3938]",[1905],0.9522292993630573
"[1905, 2452, 3624, 3938]",[3962],0.9010695187165776
"[191, 1905, 2452, 2782]",[4306],0.9138888888888889
"[191, 1905, 2782, 3624]",[2452],0.9490445859872612
"[191, 2452, 2782, 3624]",[1905],0.9430379746835443
"[1905, 2452, 2782, 3624]",[4306],0.8848167539267016
"[191, 1905, 3624, 3962]",[2452],0.9598765432098766
"[191, 2452, 3624, 3962]",[1905],0.9510703363914373
"[1905, 2452, 3624, 3962]",[4306],0.8740554156171285
"[191, 1905, 3624, 4306]",[2452],0.941717791411043
"[191, 2452, 3624, 4306]",[1905],0.941717791411043
"[1905, 2452, 3624, 4306]",[2782],0.8733850129198967
"[191, 1905, 2782, 4432]",[2452],0.9492063492063492
"[191, 2452, 2782, 4432]",[1905],0.9614147909967846
"[1905, 2452, 2782, 4432]",[4306],0.89501312335958
"[2452, 2782, 3938]",[1905],0.9440389294403893
"[191, 1905, 2782, 3938]",[2452],0.9592476489028213
"[191, 2452, 2782, 3938]",[1905],0.9622641509433962
"[1905, 2452, 2782, 3938]",[4306],0.8865979381443299
"[191, 2452, 2782, 2862]",[1905],0.9491017964071856
"[191, 2452, 2782, 3962]",[1905],0.9584569732937686
"[191, 2452, 2862, 3962]",[1905],0.9563953488372093
"[191, 2782, 2862, 3962]",[2452],0.9705882352941176
"[191, 1905, 2782, 3962]",[2452],0.9641791044776119
"[191, 1905, 2782, 4306]",[2452],0.94
"[191, 1905, 3962, 4306]",[2452],0.9590163934426229
"[1905, 2782, 3962, 4306]",[2452],0.9075425790754258
"[191, 2452, 2782, 4306]",[1905],0.9481268011527377
"[191, 2452, 3962, 4306]",[1905],0.9460916442048517
"[1905, 2452, 2782, 3962]",[4306],0.9053398058252428
"[2452, 2782, 3962, 4306]",[1905],0.9491094147582697
"[191, 1905, 2452, 2782, 3962]",[4306],0.9318885448916409
"[191, 1905, 2452, 2782, 4306]",[2862],0.9027355623100304
"[191, 1905, 2452, 3962, 4306]",[2862],0.8717948717948718
"[191, 1905, 2782, 3962, 4306]",[2452],0.9647435897435898
"[191, 2452, 2782, 3962, 4306]",[1905],0.9585987261146497
"[1905, 2452, 2782, 3962, 4306]",[2862],0.8847184986595175
"[191, 1905, 2782, 2862]",[2452],0.9548192771084337
"[191, 1905, 2862, 4306]",[2452],0.9418282548476454
"[191, 2452, 2862, 4306]",[1905],0.947075208913649
"[191, 1905, 2452, 2782, 2862]",[4306],0.9369085173501577
"[191, 1905, 2452, 2862, 4306]",[3962],0.9
"[191, 1905, 2782, 2862, 4306]",[2452],0.954983922829582
"[191, 2452, 2782, 2862, 4306]",[1905],0.954983922829582
"[1905, 2452, 2782, 2862, 4306]",[571],0.8143236074270557
"[2452, 3938, 4432]",[1905],0.9379652605459057
"[191, 1905, 3938, 4432]",[2452],0.9465408805031447
"[191, 2452, 3938, 4432]",[1905],0.9585987261146497
"[1905, 2452, 3938, 4432]",[3962],0.8888888888888888
"[191, 1905, 2862, 4432]",[2452],0.94375
"[191, 2452, 2862, 4432]",[1905],0.9587301587301588
"[1905, 2452, 2862, 4432]",[4306],0.8979057591623036
"[191, 1905, 3962, 4432]",[2452],0.9602446483180428
"[191, 2452, 3962, 4432]",[1905],0.9602446483180428
"[1905, 2452, 3962, 4432]",[4306],0.8632911392405064
"[191, 1905, 4306, 4432]",[2452],0.9319526627218935
"[191, 2452, 4306, 4432]",[1905],0.9545454545454546
"[1905, 2452, 4306, 4432]",[2862],0.8683544303797468
"[191, 2452, 2862, 3938]",[1905],0.9628482972136223
"[191, 2452, 3938, 3962]",[1905],0.9551820728291317
"[2452, 2862, 3938, 3962]",[1905],0.9348958333333334
"[191, 1905, 2862, 3938]",[2452],0.9539877300613497
"[191, 1905, 2862, 3962]",[2452],0.9591836734693877
"[191, 1905, 3938, 3962]",[2452],0.9605633802816902
"[1905, 2862, 3938, 3962]",[2452],0.9158163265306123
"[191, 2452, 3938, 4306]",[1905],0.9591836734693877
"[2452, 2862, 3938, 4306]",[1905],0.9414893617021277
"[191, 1905, 3938, 4306]",[2452],0.9508670520231214
"[1905, 2862, 3938, 4306]",[2452],0.8939393939393939
"[1905, 2452, 2862, 3938]",[4306],0.8939393939393939
"[1905, 3938, 3962, 4306]",[2452],0.9045346062052506
"[1905, 2452, 3938, 4306]",[3962],0.9243902439024391
"[2452, 3938, 3962, 4306]",[1905],0.9381188118811881
"[191, 1905, 2452, 3938, 3962]",[4306],0.9090909090909091
"[191, 1905, 2452, 3938, 4306]",[3962],0.9422492401215805
"[191, 1905, 3938, 3962, 4306]",[2452],0.9657320872274143
"[191, 2452, 3938, 3962, 4306]",[1905],0.9627329192546584
"[1905, 2452, 3938, 3962, 4306]",[2862],0.862796833773087
"[1905, 2862, 3962, 4306]",[2452],0.9116945107398569
"[1905, 2452, 2862, 3962]",[4306],0.9009433962264151
"[2452, 2862, 3962, 4306]",[1905],0.9339853300733496
"[191, 1905, 2452, 2862, 3962]",[4306],0.9300911854103343
"[191, 1905, 2862, 3962, 4306]",[2452],0.9652996845425867
"[191, 2452, 2862, 3962, 4306]",[1905],0.9592476489028213
"[1905, 2452, 2862, 3962, 4306]",[571],0.8115183246073299
[2452],[1905],0.8716216216216216
[1905],[2452],0.8154235145385588
"[1905, 2152, 2452]",[4306],0.8624338624338624
"[1905, 2152, 3624]",[2452],0.8925373134328358
"[2152, 2452, 3624]",[1905],0.9373040752351097
"[1905, 2152, 2372]",[2452],0.8713450292397661
"[2152, 2372, 2452]",[1905],0.9581993569131833
"[607, 1905, 2152]",[4306],0.9009009009009009
"[607, 2152, 4306]",[1905],0.9174311926605505
"[1905, 2152, 4306]",[2452],0.844559585492228
"[1905, 2152, 2782]",[4306],0.8967391304347826
"[1905, 2152, 4432]",[2452],0.8611898016997167
"[2152, 2782, 4432]",[1905],0.9428571428571428
"[2152, 4306, 4432]",[1905],0.9290123456790124
"[2152, 2452, 4432]",[1905],0.9325153374233128
"[1905, 1962, 2152]",[3938],0.8567415730337079
"[1905, 2152, 3962]",[2452],0.883289124668435
"[1962, 2152, 3962]",[1905],0.9473684210526315
"[1962, 2152, 2452]",[1905],0.9382716049382716
"[1905, 2152, 3860]",[3962],0.8373983739837398
"[1962, 2152, 3860]",[1905],0.9323076923076923
"[1962, 2152, 4306]",[1905],0.9353846153846154
"[1905, 2152, 3938]",[2782],0.8159340659340659
"[1962, 2152, 3938]",[1905],0.9355828220858896
"[2152, 3860, 3938]",[1905],0.9388379204892966
"[2152, 2452, 3962]",[1905],0.943342776203966
"[2152, 3938, 3962]",[1905],0.9331395348837209
"[2152, 2782, 3938]",[1905],0.9611650485436893
"[2152, 2782, 3860]",[1905],0.9583333333333334
"[1905, 2152, 3106]",[4306],0.8904494382022472
"[1905, 2782, 3106]",[4306],0.9177377892030848
"[2152, 2782, 3106]",[1905],0.9430379746835443
"[2152, 2782, 4306]",[1905],0.9375
"[2152, 2862, 4306]",[1905],0.9030470914127424
"[1905, 2152, 2862]",[4306],0.9080779944289693
"[2152, 2452, 4306]",[1905],0.9394812680115274
"[1905, 3106, 3962]",[4306],0.8886138613861386
"[2152, 3106, 3962]",[1905],0.9404388714733543
"[2152, 2452, 3106]",[1905],0.9316770186335404
"[2152, 2862, 3106]",[4306],0.934984520123839
"[2152, 3106, 4306]",[1905],0.9135446685878963
"[2152, 2862, 3860]",[4306],0.928125
"[2152, 3860, 4306]",[1905],0.9197707736389685
"[2152, 2452, 3860]",[1905],0.9333333333333333
"[2152, 3860, 3962]",[1905],0.9363636363636364
"[457, 607]",[1905],0.9313432835820895
"[457, 1180, 1905]",[2452],0.9296636085626911
"[457, 1180, 2452]",[1905],0.9325153374233128
"[457, 1905, 1962]",[2452],0.9096209912536443
"[457, 1962, 3962]",[1905],0.9551282051282052
"[457, 1962, 2452]",[1905],0.9512195121951219
"[457, 1220, 1905]",[2452],0.9032258064516129
"[457, 1220, 2452]",[1905],0.9418960244648318
"[457, 571, 3860]",[1905],0.9428571428571428
"[457, 1905, 3860]",[2452],0.9067796610169492
"[571, 1905, 3860]",[4306],0.855
"[457, 3860, 3962]",[1905],0.949685534591195
"[457, 3860, 4306]",[1905],0.9290123456790124
"[457, 2452, 3860]",[1905],0.9553571428571429
"[457, 1905, 2782]",[2452],0.9171122994652406
"[457, 1905, 3938]",[2452],0.921832884097035
"[457, 2782, 3938]",[1905],0.9554140127388535
"[457, 2452, 3624]",[1905],0.9398907103825137
"[457, 2452, 3938]",[1905],0.9421487603305785
"[457, 1905, 3624]",[2452],0.9272237196765498
"[457, 1905, 4432]",[2452],0.8973684210526316
"[457, 3938, 4432]",[1905],0.9435736677115988
"[457, 571, 3938]",[1905],0.95625
"[571, 1905, 3938]",[2452],0.8894348894348895
"[457, 2372, 2452]",[1905],0.931129476584022
"[457, 1905, 2372]",[2452],0.9037433155080213
"[457, 1905, 2452, 3938]",[3962],0.9005847953216374
"[457, 1905, 3938, 3962]",[2452],0.9418960244648318
"[457, 2452, 3938, 3962]",[1905],0.9506172839506173
"[457, 2452, 2782]",[1905],0.9475138121546961
"[457, 1905, 2452, 3624]",[3962],0.877906976744186
"[457, 1905, 3624, 3962]",[2452],0.9587301587301588
"[457, 2452, 3624, 3962]",[1905],0.9617834394904459
"[457, 571, 2452]",[1905],0.9396325459317585
"[571, 2452, 3624]",[1905],0.9345549738219895
"[571, 1905, 3624]",[2452],0.9083969465648855
"[457, 2452, 4432]",[1905],0.9472222222222222
"[457, 2782, 4432]",[1905],0.953125
"[457, 2372, 2782]",[1905],0.9439252336448598
"[457, 1905, 2452, 2782]",[2862],0.892128279883382
"[457, 1905, 2782, 3962]",[2452],0.9490445859872612
"[457, 2452, 2782, 3962]",[1905],0.9706840390879479
"[457, 1905, 2782, 2862]",[2452],0.9329268292682927
"[457, 1905, 2782, 4306]",[2452],0.9296636085626911
"[457, 1905, 2862, 4306]",[2452],0.9226361031518625
"[457, 2782, 2862, 4306]",[1905],0.9433962264150944
"[457, 1905, 2452, 4306]",[2862],0.8944444444444445
"[457, 2452, 2782, 4306]",[1905],0.9529780564263323
"[457, 1905, 2452, 2862]",[571],0.8591160220994475
"[457, 2452, 2782, 2862]",[1905],0.9503105590062112
"[571, 2372, 2452]",[1905],0.9393939393939394
"[571, 1905, 2372]",[2452],0.8676844783715013
"[457, 571, 4432]",[1905],0.937125748502994
"[571, 1905, 4432]",[2452],0.8658536585365854
"[457, 571, 1905, 2452]",[2862],0.8687150837988827
"[457, 571, 1905, 3962]",[2452],0.9335347432024169
"[457, 571, 2452, 3962]",[1905],0.9626168224299065
"[457, 1905, 2862, 3962]",[2452],0.9427710843373494
"[457, 1905, 3962, 4306]",[2452],0.9408284023668639
"[457, 2862, 3962, 4306]",[1905],0.9552715654952076
"[457, 2452, 2862, 3962]",[1905],0.9601226993865031
"[457, 2452, 3962, 4306]",[1905],0.9578313253012049
"[457, 571, 1905, 4306]",[2862],0.9033232628398792
"[457, 571, 2452, 4306]",[1905],0.9440993788819876
"[457, 571, 1905, 2862]",[2452],0.9174041297935103
"[457, 571, 2862, 4306]",[1905],0.9228395061728395
"[571, 1905, 2862, 4306]",[2452],0.8805970149253731
"[457, 2452, 2862, 4306]",[1905],0.936046511627907
"[457, 571, 2452, 2862]",[1905],0.9452887537993921
"[571, 1905, 2452, 2862]",[4306],0.8872180451127819
"[1798, 1905, 1962]",[2452],0.888235294117647
"[1798, 1905, 2782]",[4306],0.8740554156171285
"[1798, 1962, 2782]",[1905],0.9642857142857143
"[1905, 1962, 2782]",[4306],0.8972431077694235
"[1798, 1962, 2452]",[1905],0.9587301587301588
"[1220, 1798, 1905]",[2782],0.8898809523809523
"[1220, 1798, 2452]",[1905],0.9339622641509434
"[1220, 1798, 2782]",[1905],0.934375
"[1220, 1905, 2782]",[4306],0.8860103626943006
"[1798, 1905, 2372]",[2452],0.8945868945868946
"[1798, 1905, 4432]",[2452],0.8941504178272981
"[1798, 2372, 4432]",[1905],0.939873417721519
"[1798, 2372, 4306]",[1905],0.9440993788819876
"[1798, 2372, 2862]",[1905],0.9357798165137615
"[1798, 2372, 2782]",[1905],0.9451219512195121
"[1798, 2372, 2452]",[1905],0.9486404833836858
"[1798, 2782, 3624]",[2452],0.8947368421052632
"[1798, 1905, 3624]",[2452],0.901685393258427
"[1798, 2782, 2862]","[1905, 4306]",0.828042328042328
"[1798, 1905, 3860]",[2452],0.8767123287671232
"[1798, 1905, 3938]",[2452],0.8858695652173914
"[1798, 3860, 3938]",[1905],0.95
"[1798, 3860, 3962]",[1905],0.9601226993865031
"[1798, 2862, 3860]",[1905],0.941717791411043
"[1798, 2782, 3860]",[1905],0.963302752293578
"[1798, 3860, 4306]",[1905],0.9401197604790419
"[1798, 2452, 3860]",[1905],0.9552238805970149
"[1798, 3962, 4432]",[1905],0.9554140127388535
"[1798, 4306, 4432]",[1905],0.9357798165137615
"[1798, 2862, 4432]",[1905],0.9242424242424242
"[1798, 2452, 4432]",[1905],0.9304347826086956
"[607, 1798, 1905]",[4306],0.8810198300283286
"[607, 1798, 2452]",[1905],0.926605504587156
"[607, 1798, 4306]",[1905],0.9283582089552239
"[607, 2862, 4306]",[1905],0.9086294416243654
"[1798, 2862, 4306]",[1905],0.9164490861618799
"[607, 1905, 2862]",[4306],0.9086294416243654
"[607, 2782, 4306]",[1905],0.9308510638297872
"[607, 1905, 2782]",[4306],0.9020618556701031
"[1798, 1905, 3106]",[4306],0.8831908831908832
"[1798, 3106, 3962]",[1905],0.940625
"[1798, 2782, 3106]",[1905],0.9179331306990881
"[1798, 3106, 4306]",[1905],0.9171597633136095
"[1798, 2452, 3106]",[1905],0.9244712990936556
"[1798, 2452, 3938]",[1905],0.9449275362318841
"[1798, 2452, 2862]",[1905],0.936
"[1798, 2452, 3962]",[1905],0.9509536784741145
"[571, 1798, 2862]",[1905],0.9096209912536443
"[571, 1798, 1905]",[2862],0.8666666666666667
"[571, 1798, 2452]",[1905],0.9375
"[1798, 1905, 2782, 3962]",[2452],0.9151515151515152
"[1798, 1905, 2782, 4306]",[2862],0.9020172910662824
"[1798, 1905, 3962, 4306]",[2452],0.9041916167664671
"[1798, 2782, 3962, 4306]",[1905],0.9676375404530745
"[1798, 1905, 2452, 2782]",[4306],0.8793103448275862
"[1798, 1905, 2452, 3962]",[4306],0.8653295128939829
"[1798, 2452, 2782, 3962]",[1905],0.9648562300319489
"[1798, 1905, 2862, 3962]",[2452],0.918429003021148
"[1798, 1905, 2862, 4306]",[2782],0.8917378917378918
"[1798, 2862, 3962, 4306]",[1905],0.9581993569131833
"[1798, 1905, 2452, 2862]",[4306],0.8831908831908832
"[1798, 2452, 2862, 3962]",[1905],0.9559748427672956
"[1798, 1905, 2452, 4306]",[2862],0.9037900874635568
"[1798, 2452, 3962, 4306]",[1905],0.9556962025316456
"[1798, 1905, 2782, 2862]",[4306],0.9072463768115943
"[1798, 2452, 2782, 2862]",[1905],0.9390243902439024
"[1798, 2452, 2782, 4306]",[1905],0.9532710280373832
"[1798, 2452, 2862, 4306]",[1905],0.9451219512195121
"[1798, 2782, 2862, 4306]",[1905],0.937125748502994
"[607, 1905, 2372]",[4306],0.8828571428571429
"[607, 2372, 2782]",[1905],0.9552715654952076
"[607, 2372, 2862]",[1905],0.9588607594936709
"[607, 2372, 2452]",[1905],0.9621451104100947
"[607, 1905, 4432]",[2452],0.8712328767123287
"[607, 2372, 4432]",[1905],0.9532710280373832
"[607, 2372, 4306]",[1905],0.9566563467492261
"[607, 1220, 1905]",[4306],0.873900293255132
"[607, 1220, 4306]",[1905],0.9341692789968652
"[607, 1905, 3624]",[2452],0.9031339031339032
"[607, 2862, 3624]",[1905],0.9404388714733543
"[607, 3624, 4306]",[1905],0.9415384615384615
"[607, 2452, 3624]",[1905],0.9406528189910979
"[607, 1905, 1962]",[4306],0.8793103448275862
"[607, 1962, 2452]",[1905],0.9493670886075949
"[607, 1905, 3938]",[4306],0.8873626373626373
"[607, 1962, 3938]",[1905],0.9400630914826499
"[607, 1962, 3860]",[1905],0.9252336448598131
"[607, 1962, 4306]",[1905],0.9357798165137615
"[607, 3860, 3938]",[1905],0.9433962264150944
"[607, 2782, 3938]",[1905],0.9470404984423676
"[607, 3938, 4306]",[1905],0.936231884057971
"[607, 3962, 4306]",[1905],0.93646408839779
"[607, 1905, 3962]",[4306],0.8944591029023746
"[607, 3962, 4432]",[1905],0.939873417721519
"[607, 3860, 4432]",[1905],0.940809968847352
"[607, 2452, 4432]",[1905],0.9271137026239067
"[607, 2782, 3860]",[1905],0.9537037037037037
"[607, 1905, 3106]",[4306],0.8888888888888888
"[607, 3106, 3860]",[1905],0.9261538461538461
"[1905, 3106, 3860]",[3938],0.8284960422163589
"[607, 3860, 4306]",[1905],0.9346590909090909
"[607, 2452, 3860]",[1905],0.9431137724550899
"[571, 607, 1905]",[2862],0.8763736263736264
"[571, 607, 3962]",[1905],0.9339622641509434
"[607, 3106, 4306]",[1905],0.9111111111111111
"[3106, 3962, 4306]",[1905],0.9300518134715026
"[607, 1905, 2862, 3962]",[4306],0.9283489096573209
"[607, 1905, 2862, 4306]",[2452],0.8715083798882681
"[607, 1905, 3962, 4306]",[2452],0.8908554572271387
"[607, 2862, 3962, 4306]",[1905],0.9400630914826499
"[607, 1905, 2452, 3962]",[4306],0.9069069069069069
"[607, 1905, 2452, 4306]",[2862],0.8939828080229226
"[607, 2452, 3962, 4306]",[1905],0.94375
"[571, 607, 2862]",[1905],0.9088319088319088
"[571, 607, 2452]",[1905],0.9258160237388724
"[2782, 3106, 4306]",[1905],0.9272727272727272
"[607, 1905, 2452, 2782]",[4306],0.9077380952380952
"[607, 1905, 2782, 4306]",[2862],0.8857142857142857
"[607, 2452, 2782, 4306]",[1905],0.953125
"[607, 1905, 2782, 2862]",[4306],0.9281437125748503
"[607, 2782, 2862, 4306]",[1905],0.9337349397590361
"[607, 1905, 2452, 2862]",[4306],0.9203539823008849
"[607, 2452, 2862, 4306]",[1905],0.9397590361445783
"[1220, 1542]",[1905],0.8908045977011494
"[1542, 1905, 2452]",[4306],0.8564102564102564
"[1542, 1905, 4432]",[4306],0.8653295128939829
"[1542, 2452, 4432]",[1905],0.9233128834355828
"[1542, 1905, 4306]",[2862],0.8636363636363636
"[1542, 4306, 4432]",[1905],0.9096385542168675
"[1542, 1905, 3860]",[4306],0.8838526912181303
"[1542, 2452, 3860]",[1905],0.9369085173501577
"[1542, 2862, 3860]",[4306],0.9369085173501577
"[1542, 2862, 4306]",[1905],0.8746803069053708
"[1542, 3860, 4306]",[1905],0.9122807017543859
"[1542, 1905, 2862]",[4306],0.912
"[1542, 1905, 3938]",[4306],0.8756906077348067
"[1542, 3938, 4306]",[1905],0.9135446685878963
"[1542, 2452, 4306]",[1905],0.9226519337016574
"[1542, 3962, 4306]",[1905],0.9211267605633803
"[1542, 1905, 3962]",[4306],0.8837837837837837
"[1542, 2782, 4306]",[1905],0.9138888888888889
"[1542, 1905, 2782]",[4306],0.8989071038251366
"[1542, 1905, 3106]",[4306],0.889196675900277
"[1542, 3106, 3962]",[1905],0.9259259259259259
"[1542, 2452, 3106]",[1905],0.9186746987951807
"[1542, 3106, 4306]",[1905],0.8966480446927374
"[571, 1542, 1905]",[4306],0.8633879781420765
"[571, 1542, 2452]",[1905],0.9223880597014925
"[571, 1542, 4306]",[1905],0.88268156424581
"[1542, 1905, 2452, 2862]",[4306],0.922360248447205
"[1542, 1905, 2452, 4306]",[2862],0.8892215568862275
"[1542, 1905, 2862, 4306]",[2452],0.868421052631579
"[1542, 2452, 2862, 4306]",[1905],0.9195046439628483
"[1180, 1220, 1905]",[2452],0.887240356083086
"[1180, 1220, 2452]",[1905],0.934375
"[1220, 1905, 3106]",[4306],0.8803418803418803
"[1220, 3106, 3962]",[1905],0.9430379746835443
"[1220, 2452, 3106]",[1905],0.9316770186335404
"[1220, 2862, 4306]",[1905],0.910761154855643
"[1220, 3106, 4306]",[1905],0.9169139465875371
"[1220, 1905, 2862]",[4306],0.8897435897435897
"[571, 1220, 1905]",[2862],0.853185595567867
"[571, 1220, 3962]",[1905],0.939873417721519
"[571, 1220, 3624]",[1905],0.9252336448598131
"[571, 1220, 4432]",[1905],0.9300911854103343
"[571, 1220, 2862]",[1905],0.9112426035502958
"[571, 1220, 2452]",[1905],0.9279279279279279
"[1220, 1905, 1962]",[3938],0.8507853403141361
"[1220, 1962, 2782]",[1905],0.953125
"[1220, 1962, 2862]",[1905],0.9353846153846154
"[1220, 2452, 3624]",[2862],0.8257372654155496
"[1220, 2372, 4432]",[1905],0.925531914893617
"[1220, 1962, 3860]",[3938],0.853448275862069
"[1905, 1962, 2372]",[2452],0.8857868020304569
"[1220, 2452, 3938]",[1905],0.9395604395604396
"[1962, 3860, 3938]","[1905, 2452]",0.8272251308900523
"[1220, 1905, 3938]",[2452],0.868020304568528
"[1220, 2782, 4306]",[1905],0.936986301369863
"[1220, 1905, 2452, 2782]",[4306],0.887905604719764
"[1220, 1905, 2452, 3962]",[4306],0.876750700280112
"[1220, 1905, 2782, 3962]",[2452],0.9166666666666666
"[1220, 2452, 2782, 3962]",[1905],0.9642857142857143
"[1220, 2452, 4432]",[1905],0.9257294429708223
"[1220, 1905, 2782, 2862]",[4306],0.9240121580547113
"[1220, 1905, 2782, 4306]",[2452],0.8801169590643275
"[1220, 1905, 2862, 4306]",[2452],0.8731988472622478
"[1220, 2782, 2862, 4306]",[1905],0.9411764705882353
"[1220, 2452, 4306]",[1905],0.9281914893617021
"[1220, 1905, 2452, 4306]",[4432],0.8510028653295129
"[1220, 2452, 2782, 4306]",[1905],0.9465408805031447
"[1220, 3860, 4432]",[1905],0.9243697478991597
"[2452, 3624, 3860]",[1905],0.9375
"[3860, 3938, 3962]",[1905],0.941031941031941
"[2372, 2452, 3860]",[1905],0.9491978609625669
"[1220, 1905, 2452, 3624]",[4432],0.8559077809798271
"[1220, 1905, 3624, 3962]",[2452],0.9204892966360856
"[1220, 2452, 3624, 3962]",[1905],0.9585987261146497
"[1220, 1905, 2452, 4432]",[4306],0.8510028653295129
"[1220, 1905, 3962, 4432]",[2452],0.9141104294478528
"[1220, 2452, 3962, 4432]",[1905],0.9551282051282052
"[1220, 1905, 2862, 3962]",[4306],0.9057750759878419
"[1220, 1905, 3962, 4306]",[2452],0.9072463768115943
"[1220, 2862, 3962, 4306]",[1905],0.9430379746835443
"[1220, 1905, 3938, 3962]",[2452],0.9067055393586005
"[1220, 1905, 3938, 4306]",[3962],0.9129129129129129
"[1220, 3938, 3962, 4306]",[1905],0.95
"[1220, 1905, 2452, 3938]",[3962],0.9093567251461988
"[1220, 2452, 3938, 3962]",[1905],0.9452887537993921
"[1220, 2452, 3962, 4306]",[1905],0.9513677811550152
"[1220, 1905, 3624, 4306]",[2452],0.8945783132530121
"[1220, 2452, 3624, 4306]",[1905],0.939873417721519
"[1220, 1905, 2372, 3624]",[2452],0.8952095808383234
"[1220, 1905, 2372, 4432]",[2452],0.8793103448275862
"[1220, 1905, 3624, 4432]",[2452],0.8839285714285714
"[1220, 2372, 3624, 4432]",[1905],0.9400630914826499
"[1905, 2372, 3624, 4432]",[2452],0.9031339031339032
"[1220, 1905, 2372, 2452]",[4432],0.9
"[1220, 2372, 2452, 3624]",[1905],0.943217665615142
"[1905, 2372, 2452, 3624]",[4432],0.8567567567567568
"[1220, 2452, 3624, 4432]",[1905],0.939873417721519
"[1905, 2452, 3624, 4432]",[2862],0.8378378378378378
"[1220, 1905, 2452, 2862]",[4306],0.8991097922848664
"[1220, 2452, 2862, 4306]",[1905],0.9323076923076923
"[1220, 2372, 2452, 4432]",[1905],0.9386503067484663
"[1220, 1905, 4306, 4432]",[2452],0.8892215568862275
"[1220, 2452, 4306, 4432]",[1905],0.9369085173501577
"[1180, 1905, 1962]",[2452],0.9090909090909091
"[1180, 1962, 2452]",[1905],0.9538461538461539
"[1180, 2452, 2862]",[4306],0.9005102040816326
"[1180, 2452, 3106]",[1905],0.9093655589123867
"[1180, 2862, 4306]",[2452],0.8802992518703242
"[1180, 3106, 4306]",[1905],0.9020771513353115
"[1180, 1905, 3106]",[4306],0.8941176470588236
"[1180, 1905, 4306]",[2452],0.8813559322033898
"[1180, 1905, 2372]",[2452],0.8938547486033519
"[1180, 1905, 4432]",[2452],0.8891891891891892
"[1180, 2372, 4432]",[1905],0.9559748427672956
"[1180, 1905, 3962]",[2452],0.9116161616161617
"[1180, 2372, 3962]",[1905],0.949685534591195
"[1180, 1905, 3624]",[2452],0.9132791327913279
"[1180, 2372, 3624]",[1905],0.9498432601880877
"[1180, 2372, 2862]",[1905],0.9263803680981595
"[1180, 2372, 2782]",[1905],0.9418960244648318
"[1180, 2372, 2452]",[1905],0.935672514619883
"[1180, 2452, 4306]",[1905],0.9054726368159204
"[1180, 2452, 3962]",[1905],0.9328165374677002
"[1180, 2452, 4432]",[1905],0.9426934097421203
"[571, 1180, 1905]",[4306],0.8727272727272727
"[571, 1180, 4432]",[1905],0.9287925696594427
"[1180, 3624, 4432]",[1905],0.9351851851851852
"[1180, 1905, 3860]",[4306],0.871313672922252
"[1180, 3860, 4432]",[1905],0.9415384615384615
"[1180, 2782, 4306]",[1905],0.9142857142857143
"[1180, 3624, 3860]",[1905],0.9462025316455697
"[1180, 1905, 3938]",[3962],0.9005376344086021
"[1180, 3624, 3938]",[1905],0.9433962264150944
"[571, 1180, 3624]",[1905],0.9148936170212766
"[1180, 2452, 3624]",[1905],0.9335180055401662
"[1180, 1905, 2452, 3624]",[4306],0.884272997032641
"[1180, 1905, 2452, 3962]",[4306],0.889196675900277
"[1180, 1905, 3624, 3962]",[2452],0.9463722397476341
"[1180, 2452, 3624, 3962]",[1905],0.9523809523809523
"[1180, 1905, 2452, 4306]",[2862],0.8791208791208791
"[1180, 1905, 3624, 4306]",[2452],0.9283489096573209
"[1180, 2452, 3624, 4306]",[1905],0.9400630914826499
"[571, 1180, 3860]",[1905],0.9285714285714286
"[1180, 3938, 3962]",[1905],0.925414364640884
"[1180, 2452, 3860]",[4306],0.8753541076487252
"[1180, 1905, 2452, 3860]",[3962],0.9006024096385542
"[1180, 1905, 3860, 3962]",[2452],0.9256965944272446
"[1180, 2452, 3860, 3962]",[1905],0.9583333333333334
"[1180, 2452, 3938, 3962]",[1905],0.9395770392749244
"[1180, 2452, 3962, 4306]",[1905],0.9331395348837209
"[1180, 3938, 3962, 4306]",[1905],0.9283489096573209
"[1180, 1905, 2452, 3938]",[3962],0.9201183431952663
"[1180, 1905, 3938, 4306]",[3962],0.9197530864197531
"[1180, 1905, 3938, 3962]",[2452],0.9283582089552239
"[1180, 1905, 3962, 4306]",[2452],0.9224137931034483
"[571, 1180, 4306]",[1905],0.8727272727272727
"[571, 1180, 1905, 2452]",[4306],0.8859649122807017
"[571, 1180, 1905, 3962]",[2452],0.9252336448598131
"[571, 1180, 2452, 3962]",[1905],0.9339622641509434
"[1180, 1905, 2862, 3962]",[2452],0.9384615384615385
"[1180, 1905, 2862, 4306]",[2452],0.9169054441260746
"[1180, 2452, 2862, 3962]",[1905],0.9355828220858896
"[1180, 2452, 2862, 4306]",[1905],0.9065155807365439
"[1180, 1905, 2452, 2862]",[4306],0.9090909090909091
"[1180, 1905, 2452, 2782]",[4306],0.8948863636363636
"[1180, 1905, 2782, 3962]",[4306],0.9101796407185628
"[1180, 2452, 2782, 3962]",[1905],0.9473684210526315
"[1180, 1905, 2782, 4306]",[2452],0.8948863636363636
"[1180, 2782, 3962, 4306]",[1905],0.9411764705882353
"[1180, 2452, 2782, 4306]",[1905],0.9319526627218935
"[1180, 2782, 2862, 4306]",[1905],0.9166666666666666
"[1180, 1905, 2782, 2862]",[4306],0.9112426035502958
"[571, 1180, 1905, 4306]",[2452],0.9017857142857143
"[571, 1180, 2862, 4306]",[2452],0.8931750741839762
"[571, 1180, 2452, 2862]",[4306],0.9093655589123867
"[571, 1180, 2452, 4306]",[1905],0.9126506024096386
"[571, 2452, 2862, 4306]",[1905],0.9123711340206185
"[1905, 2372, 3106]",[4306],0.8935574229691877
"[2372, 3106, 3962]",[1905],0.9584664536741214
"[1905, 3106, 3938]",[4306],0.9021164021164021
"[2372, 3106, 3938]",[1905],0.9493670886075949
"[2372, 2782, 3106]",[1905],0.9345794392523364
"[1905, 3106, 4432]",[4306],0.8864864864864865
"[2372, 3106, 4432]",[1905],0.9390243902439024
"[2372, 2452, 3106]",[1905],0.9365558912386707
"[2372, 3106, 4306]",[1905],0.9300291545189504
"[2452, 3106, 3624]",[1905],0.9248554913294798
"[1905, 3106, 3624]",[2452],0.8938547486033519
"[1905, 1962, 3106]",[4306],0.8864265927977839
"[1962, 3106, 3860]",[1905],0.9290123456790124
"[1962, 2452, 3106]",[1905],0.944954128440367
"[1962, 2862, 4306]",[1905],0.9335038363171355
"[1962, 3106, 4306]",[1905],0.9221902017291066
"[1962, 3938, 4306]",[1905],0.9362244897959183
"[3106, 3938, 4306]",[1905],0.924119241192412
"[3106, 3860, 4432]",[1905],0.9345794392523364
"[3106, 3962, 4432]",[1905],0.9476923076923077
"[3106, 4306, 4432]",[1905],0.9213483146067416
"[3106, 3860, 4306]",[3938],0.8324175824175825
"[1905, 2862, 3106, 3938]",[4306],0.940809968847352
"[1905, 2862, 3106, 4306]",[2452],0.8746666666666667
"[1905, 3106, 3938, 4306]",[3962],0.9178885630498533
"[2862, 3106, 3938, 4306]",[1905],0.937888198757764
"[2452, 3106, 3938, 3962]",[1905],0.9506172839506173
"[2452, 3106, 3962, 4306]",[1905],0.9470588235294117
"[3106, 3938, 3962, 4306]",[1905],0.9427710843373494
"[1905, 2452, 3106, 3938]",[3962],0.9333333333333333
"[1905, 2452, 3106, 4306]",[2862],0.9085872576177285
"[1905, 2452, 3106, 3962]",[4306],0.8994413407821229
"[1905, 3106, 3938, 3962]",[4306],0.9205882352941176
"[1905, 3106, 3962, 4306]",[2452],0.8969359331476323
"[571, 3106, 4306]",[1905],0.9019073569482289
"[571, 1905, 3106]",[4306],0.8945945945945946
"[571, 1905, 2862, 3106]",[4306],0.9320987654320988
"[571, 1905, 3106, 4306]",[2862],0.9123867069486404
"[571, 2862, 3106, 4306]",[1905],0.9151515151515152
"[1905, 2452, 2782, 3106]",[4306],0.9201183431952663
"[1905, 2782, 3106, 3962]",[4306],0.9363636363636364
"[2452, 2782, 3106, 3962]",[1905],0.9554140127388535
"[1905, 2782, 3106, 4306]",[2862],0.9047619047619048
"[2782, 3106, 3962, 4306]",[1905],0.9537037037037037
"[1905, 2452, 2862, 3106]",[4306],0.9265536723163842
"[1905, 2782, 2862, 3106]",[4306],0.95
"[2452, 2782, 3106, 4306]",[1905],0.9424242424242424
"[2452, 2862, 3106, 4306]",[1905],0.9213483146067416
"[2782, 2862, 3106, 4306]",[1905],0.9335260115606936
"[2862, 3106, 3962, 4306]",[1905],0.9410029498525073
"[1905, 2862, 3106, 3962]",[4306],0.9327485380116959
"[571, 1905, 1962]",[4306],0.8533333333333334
"[571, 1962, 2782]",[1905],0.940251572327044
"[571, 1962, 4432]",[1905],0.9310344827586207
"[571, 1962, 3860]",[1905],0.9325153374233128
"[571, 1962, 3938]",[1905],0.937125748502994
"[571, 1962, 2452]",[1905],0.9446064139941691
"[571, 1962, 4306]",[1905],0.9195402298850575
"[1962, 2782, 4306]",[1905],0.9572192513368984
"[1962, 2372, 2452]",[1905],0.9483695652173914
"[1905, 1962, 2782, 3860]",[4306],0.9006024096385542
"[1905, 1962, 2782, 4306]",[2452],0.8798882681564246
"[1905, 1962, 3860, 4306]",[3962],0.8882521489971347
"[1905, 2782, 3860, 4306]",[2452],0.8693333333333333
"[1962, 2782, 3860, 4306]",[1905],0.9614147909967846
"[1905, 1962, 2782, 3624]",[2452],0.9209726443768997
"[1905, 1962, 3624, 4306]",[2452],0.9194029850746268
"[1905, 2782, 3624, 4306]",[2452],0.9086021505376344
"[1962, 2782, 3624, 4306]",[1905],0.9614147909967846
"[1905, 1962, 2452, 2782]",[4306],0.8948863636363636
"[1905, 1962, 2452, 3624]",[3938],0.8746518105849582
"[1962, 2452, 2782, 3624]",[1905],0.9680511182108626
"[1905, 1962, 2782, 3938]",[4306],0.908284023668639
"[1905, 1962, 2782, 3962]",[4306],0.9233038348082596
"[1905, 1962, 3938, 3962]",[2452],0.9021164021164021
"[1905, 2782, 3938, 3962]",[4306],0.910761154855643
"[1962, 2782, 3938, 3962]",[1905],0.970873786407767
"[1962, 2452, 2782, 3962]",[1905],0.9748427672955975
"[1905, 1962, 3962, 4306]",[2452],0.9018567639257294
"[1962, 2782, 3962, 4306]",[1905],0.963076923076923
"[1962, 2452, 2782, 3938]",[1905],0.9712460063897763
"[1905, 1962, 3938, 4306]",[2452],0.885558583106267
"[1905, 2782, 3938, 4306]",[2452],0.8888888888888888
"[1962, 2782, 3938, 4306]",[1905],0.9684542586750788
"[1905, 1962, 2452, 2862]",[4306],0.8985915492957747
"[1905, 1962, 2782, 2862]",[4306],0.9345238095238095
"[1962, 2452, 2782, 2862]",[1905],0.964516129032258
"[1905, 1962, 2862, 4306]",[2452],0.873972602739726
"[1962, 2782, 2862, 4306]",[1905],0.9631901840490797
"[1962, 2452, 2782, 4306]",[1905],0.9722222222222222
"[1905, 1962, 2372, 2452]",[3938],0.8853868194842407
"[1905, 1962, 2372, 3624]",[2452],0.9256965944272446
"[1962, 2372, 2452, 3624]",[1905],0.9552715654952076
"[1905, 1962, 2372, 3962]",[2452],0.9159159159159159
"[1905, 1962, 2372, 4306]",[2452],0.8978978978978979
"[1905, 2372, 3962, 4306]",[2452],0.907103825136612
"[1962, 2372, 3962, 4306]",[1905],0.9674267100977199
"[1905, 1962, 2372, 3938]",[2452],0.8982558139534884
"[1905, 2372, 3938, 3962]",[2452],0.9095890410958904
"[1962, 2372, 3938, 3962]",[1905],0.9647435897435898
"[1962, 2372, 2452, 3962]",[1905],0.9621451104100947
"[1962, 2372, 2452, 4306]",[1905],0.9614147909967846
"[1905, 1962, 2372, 4432]",[2452],0.9020771513353115
"[1905, 1962, 3938, 4432]",[2452],0.8914956011730205
"[1905, 2372, 3938, 4432]",[2452],0.8985915492957747
"[1962, 2372, 3938, 4432]",[1905],0.9642857142857143
"[1905, 1962, 2452, 4432]",[3938],0.8660968660968661
"[1962, 2372, 2452, 4432]",[1905],0.9529780564263323
"[1962, 2372, 2452, 3938]",[1905],0.9566563467492261
"[1905, 1962, 2452, 3860]",[3938],0.8753462603878116
"[1905, 1962, 3624, 3860]",[2452],0.9228395061728395
"[1905, 2452, 3624, 3860]",[4306],0.8527777777777777
"[1962, 2452, 3624, 3860]",[1905],0.9522292993630573
"[1905, 1962, 3624, 3962]",[2452],0.9408284023668639
"[1905, 3624, 3962, 4306]",[2452],0.940379403794038
"[1962, 3624, 3962, 4306]",[1905],0.9555555555555556
"[1905, 1962, 3624, 3938]",[2452],0.9208211143695014
"[1905, 3624, 3938, 3962]",[2452],0.9361111111111111
"[1962, 3624, 3938, 3962]",[1905],0.9588607594936709
"[1962, 2452, 3624, 3962]",[1905],0.9607250755287009
"[1905, 3624, 3938, 4306]",[2452],0.9176136363636364
"[1962, 3624, 3938, 4306]",[1905],0.952076677316294
"[1962, 2452, 3624, 4306]",[1905],0.9565217391304348
"[1962, 2452, 3624, 3938]",[1905],0.9602446483180428
"[1905, 1962, 3962, 4432]",[2452],0.9198813056379822
"[1905, 3938, 3962, 4432]",[2452],0.9130434782608695
"[1962, 3938, 3962, 4432]",[1905],0.9551282051282052
"[1962, 2452, 3962, 4432]",[1905],0.9567901234567902
"[1905, 1962, 4306, 4432]",[2452],0.8902077151335311
"[1962, 2452, 4306, 4432]",[1905],0.9523809523809523
"[1962, 2452, 3938, 4432]",[1905],0.9589905362776026
"[1905, 1962, 2862, 3860]",[4306],0.9033232628398792
"[1905, 2862, 3860, 4306]",[2452],0.8723404255319149
"[1962, 2862, 3860, 4306]",[1905],0.940251572327044
"[1962, 2862, 3938, 4306]",[1905],0.9519519519519519
"[1962, 2862, 3962, 4306]",[1905],0.9495548961424333
"[1905, 1962, 2862, 3938]",[4306],0.9135446685878963
"[1905, 1962, 2862, 3962]",[4306],0.9248554913294798
"[1962, 2452, 2862, 4306]",[1905],0.9550898203592815
"[1962, 2452, 3962, 4306]",[1905],0.9550561797752809
"[1962, 2452, 2862, 3938]",[1905],0.9565217391304348
"[1962, 2452, 3860, 4306]",[1905],0.9529780564263323
"[1962, 3860, 3962, 4306]",[1905],0.9422492401215805
"[3860, 3938, 3962, 4306]",[1905],0.9388888888888889
"[1905, 1962, 3860, 3938]",[2452],0.8753462603878116
"[1905, 3860, 3938, 4306]",[3962],0.9110512129380054
"[1905, 1962, 3860, 3962]",[2452],0.9019607843137255
"[1905, 3860, 3962, 4306]",[2452],0.8963730569948186
"[1962, 2452, 3860, 3938]",[1905],0.9634146341463414
"[1962, 2452, 3860, 3962]",[1905],0.9554896142433235
"[1962, 2452, 3938, 3962]",[1905],0.952513966480447
"[2452, 3860, 3938, 3962]",[1905],0.9555555555555556
"[1905, 3860, 3938, 3962]",[2452],0.8981723237597912
"[1962, 2452, 3938, 4306]",[1905],0.9615384615384616
"[1905, 1962, 2452, 3938, 3962]",[4306],0.8944281524926686
"[1905, 1962, 2452, 3938, 4306]",[3962],0.9384615384615385
"[1905, 1962, 2452, 3962, 4306]",[3938],0.8970588235294118
"[1905, 1962, 3938, 3962, 4306]",[2452],0.9077380952380952
"[1962, 2452, 3938, 3962, 4306]",[1905],0.9621451104100947
"[571, 2372, 3860]",[1905],0.9440993788819876
"[571, 2372, 3938]",[1905],0.9373134328358209
"[571, 2452, 4432]",[1905],0.9366754617414248
"[571, 1905, 2372, 2862]",[4306],0.8918918918918919
"[571, 1905, 2372, 4306]",[2862],0.8972809667673716
"[571, 2372, 2862, 4306]",[1905],0.9369085173501577
"[1905, 2372, 2862, 4306]",[2452],0.894878706199461
"[1905, 2372, 2452, 3860]",[4432],0.8619718309859155
"[1905, 2372, 3624, 3860]",[2452],0.92
"[2372, 2452, 3624, 3860]",[1905],0.9552715654952076
"[1905, 2372, 2452, 2782]",[4306],0.8780487804878049
"[1905, 2372, 2782, 3860]",[2452],0.9036144578313253
"[1905, 2452, 2782, 3860]",[4306],0.8810810810810811
"[2372, 2452, 2782, 3860]",[1905],0.9646302250803859
"[1905, 2372, 3860, 3962]",[2452],0.9117647058823529
"[1905, 2372, 3860, 4306]",[2452],0.8856304985337243
"[2372, 3860, 3962, 4306]",[1905],0.9558359621451105
"[1905, 2372, 3860, 3938]",[2452],0.8930635838150289
"[2372, 3860, 3938, 3962]",[1905],0.9529780564263323
"[2372, 2452, 3860, 3962]",[1905],0.9657320872274143
"[1905, 2372, 3860, 4432]",[2452],0.8895348837209303
"[1905, 3860, 3938, 4432]",[2452],0.8898305084745762
"[2372, 3860, 3938, 4432]",[1905],0.9612903225806452
"[2372, 2452, 3860, 3938]",[1905],0.9596273291925466
"[2372, 2452, 3860, 4306]",[1905],0.9526813880126183
"[1905, 2452, 3860, 4432]",[4306],0.8467741935483871
"[2372, 2452, 3860, 4432]",[1905],0.9503105590062112
"[1905, 2372, 2782, 3938]",[2452],0.911504424778761
"[1905, 2372, 2782, 4306]",[2452],0.8950276243093923
"[1905, 2372, 3938, 4306]",[2452],0.903954802259887
"[2372, 2782, 3938, 4306]",[1905],0.9584664536741214
"[1905, 2372, 2782, 3962]",[2452],0.9132947976878613
"[2372, 2782, 3938, 3962]",[1905],0.9617834394904459
"[2372, 2452, 2782, 3938]",[1905],0.9537037037037037
"[1905, 2372, 2782, 2862]",[2452],0.9042253521126761
"[1905, 2372, 2862, 3962]",[2452],0.9130434782608695
"[1905, 2782, 2862, 3962]",[4306],0.9295039164490861
"[2372, 2782, 2862, 3962]",[1905],0.9642857142857143
"[2372, 2452, 2782, 3962]",[1905],0.9634146341463414
"[2372, 2452, 2782, 4306]",[1905],0.9529411764705882
"[2372, 2452, 3962, 4306]",[1905],0.9540229885057471
"[1905, 2372, 2782, 3624]",[2452],0.9093567251461988
"[1905, 2372, 2782, 4432]",[2452],0.8974358974358975
"[1905, 2782, 3624, 4432]",[2862],0.8710601719197708
"[2372, 2782, 3624, 4432]",[1905],0.9554140127388535
"[1905, 2372, 3624, 4306]",[2452],0.9109195402298851
"[2372, 2782, 3624, 4306]",[1905],0.9467084639498433
"[2372, 2452, 2782, 3624]",[1905],0.9510703363914373
"[1905, 2372, 2862, 4432]",[2452],0.9028571428571428
"[1905, 2782, 2862, 4432]",[2452],0.914364640883978
"[2372, 2782, 2862, 4432]",[1905],0.9554140127388535
"[1905, 2372, 4306, 4432]",[2452],0.8947368421052632
"[1905, 2782, 4306, 4432]",[2452],0.8973684210526316
"[2372, 2782, 4306, 4432]",[1905],0.9567901234567902
"[2372, 2452, 2782, 4432]",[1905],0.9574468085106383
"[2372, 2452, 2782, 2862]",[1905],0.9469026548672567
"[2372, 2452, 2862, 4306]",[1905],0.9431818181818182
"[1905, 2372, 3624, 3938]",[2452],0.9176470588235294
"[1905, 2372, 3624, 3962]",[2452],0.9327485380116959
"[2372, 3624, 3938, 3962]",[1905],0.9585987261146497
"[2372, 2452, 3624, 3962]",[1905],0.9579579579579579
"[2372, 2452, 3624, 4306]",[1905],0.9491017964071856
"[2452, 3624, 3962, 4306]",[1905],0.9455040871934605
"[2372, 2452, 3624, 3938]",[1905],0.9512195121951219
"[1905, 2372, 2862, 3624]",[2452],0.911504424778761
"[1905, 2862, 3624, 4306]",[2452],0.9132791327913279
"[2372, 2862, 3624, 4306]",[1905],0.9470404984423676
"[1905, 2452, 2862, 3624]",[4306],0.8962765957446809
"[2372, 2452, 2862, 3624]",[1905],0.9507692307692308
"[1905, 3624, 4306, 4432]",[2862],0.875
"[2372, 3624, 4306, 4432]",[1905],0.946875
"[2372, 2452, 3624, 4432]",[1905],0.9491017964071856
"[1905, 2372, 2862, 3938]",[2452],0.9096209912536443
"[2372, 2862, 3938, 3962]",[1905],0.9532710280373832
"[2372, 2452, 2862, 3962]",[1905],0.9574468085106383
"[1905, 2372, 3962, 4432]",[2452],0.9147727272727273
"[1905, 3962, 4306, 4432]",[2452],0.9142091152815014
"[2372, 3962, 4306, 4432]",[1905],0.9595015576323987
"[2372, 3938, 3962, 4432]",[1905],0.9597523219814241
"[2372, 2452, 3962, 4432]",[1905],0.9640718562874252
"[2372, 2452, 3938, 3962]",[1905],0.9485714285714286
"[2372, 2452, 3938, 4306]",[1905],0.9523809523809523
"[1905, 2372, 2452, 3938, 3962]",[4306],0.8945783132530121
"[1905, 2372, 2452, 3938, 4306]",[3962],0.928125
"[1905, 2372, 2452, 3962, 4306]",[3938],0.8945783132530121
"[1905, 2372, 3938, 3962, 4306]",[2452],0.9195046439628483
"[2372, 2452, 3938, 3962, 4306]",[1905],0.954983922829582
"[2372, 2862, 3938, 4306]",[1905],0.9565217391304348
"[2372, 2452, 2862, 3938]",[1905],0.9512195121951219
"[1905, 3938, 4306, 4432]",[3962],0.8969359331476323
"[2372, 3938, 4306, 4432]",[1905],0.9587301587301588
"[2372, 2452, 3938, 4432]",[1905],0.9550898203592815
"[2372, 2452, 2862, 4432]",[1905],0.9546827794561934
"[2372, 2452, 4306, 4432]",[1905],0.95
"[2452, 2862, 4306, 4432]",[1905],0.9371584699453552
"[1905, 2862, 4306, 4432]",[2452],0.9002624671916011
"[1905, 2452, 2862, 3860]",[4306],0.8937329700272479
"[1905, 2862, 3624, 3860]",[2452],0.9226006191950464
"[2452, 2862, 3624, 3860]",[1905],0.9551282051282052
"[1905, 3624, 3860, 3962]",[2452],0.9431137724550899
"[1905, 3624, 3860, 4306]",[2452],0.9136904761904762
"[3624, 3860, 3962, 4306]",[1905],0.945859872611465
"[2452, 3624, 3860, 3962]",[1905],0.9574468085106383
"[1905, 2782, 3624, 3860]",[2452],0.9223880597014925
"[2782, 3624, 3860, 4306]",[1905],0.9523809523809523
"[2452, 2782, 3624, 3860]",[1905],0.9537037037037037
"[1905, 3624, 3860, 3938]",[2452],0.9196428571428571
"[2452, 3624, 3860, 3938]",[1905],0.9566563467492261
"[1905, 3624, 3860, 4432]",[2452],0.9156626506024096
"[2452, 3624, 3860, 4432]",[1905],0.9411764705882353
"[2452, 3624, 3860, 4306]",[1905],0.941717791411043
"[571, 2452, 3938]",[1905],0.9329896907216495
"[571, 1905, 2452, 3624]",[4306],0.8403361344537815
"[571, 1905, 3624, 3962]",[2452],0.9365558912386707
"[571, 2452, 3624, 3962]",[1905],0.9480122324159022
"[571, 1905, 2452, 2782]",[2862],0.8772845953002611
"[571, 1905, 2782, 3624]",[2452],0.9233128834355828
"[571, 2452, 2782, 3624]",[1905],0.940625
"[571, 1905, 2862, 3624]",[2452],0.9121212121212121
"[571, 2452, 2862, 3624]",[1905],0.9435736677115988
"[571, 1905, 3624, 4306]",[2452],0.9174311926605505
"[571, 2452, 3624, 4306]",[1905],0.9316770186335404
"[1905, 3624, 3938, 4432]",[2452],0.918918918918919
"[2452, 3624, 3938, 4432]",[1905],0.9503105590062112
"[2452, 2862, 3624, 3938]",[1905],0.9542682926829268
"[2452, 2862, 3624, 3962]",[1905],0.9505813953488372
"[2452, 3624, 3938, 3962]",[1905],0.9466292134831461
"[1905, 2862, 3624, 3938]",[2452],0.9233038348082596
"[1905, 2862, 3624, 3962]",[2452],0.9369627507163324
"[2452, 2862, 3624, 4306]",[1905],0.9361111111111111
"[2452, 3624, 3938, 4306]",[1905],0.9472140762463344
"[2452, 2782, 3624, 3938]",[1905],0.9516616314199395
"[2452, 2782, 3624, 3962]",[1905],0.9511494252873564
"[1905, 2782, 3624, 3938]",[2452],0.9210526315789473
"[1905, 2782, 3624, 3962]",[2452],0.9403409090909091
"[2782, 3624, 3938, 4306]",[1905],0.9473684210526315
"[1905, 2452, 3624, 3938, 3962]",[4306],0.8991097922848664
"[1905, 2452, 3624, 3938, 4306]",[3962],0.9380804953560371
"[1905, 2452, 3624, 3962, 4306]",[2782],0.8760806916426513
"[1905, 3624, 3938, 3962, 4306]",[2452],0.9439252336448598
"[2452, 3624, 3938, 3962, 4306]",[1905],0.9528301886792453
"[2452, 3624, 3962, 4432]",[1905],0.9518072289156626
"[2452, 3624, 4306, 4432]",[2862],0.8794117647058823
"[2452, 3962, 4306, 4432]",[1905],0.9445983379501385
"[1905, 3624, 3962, 4432]",[2452],0.9266862170087976
"[2782, 2862, 3962, 4306]",[1905],0.9393139841688655
"[2452, 2782, 2862, 3624]",[1905],0.9346590909090909
"[1905, 2782, 2862, 3624]",[2452],0.9138888888888889
"[1905, 2452, 2862, 3624, 3962]",[4306],0.9235474006116208
"[1905, 2452, 2862, 3624, 4306]",[2782],0.8991097922848664
"[1905, 2862, 3624, 3962, 4306]",[2452],0.9467084639498433
"[2452, 2862, 3624, 3962, 4306]",[1905],0.9526813880126183
"[2452, 2782, 3624, 4306]",[1905],0.9337016574585635
"[1905, 2452, 2782, 3624, 3962]",[4306],0.918429003021148
"[1905, 2452, 2782, 3624, 4306]",[2862],0.8964497041420119
"[1905, 2782, 3624, 3962, 4306]",[2452],0.95
"[2452, 2782, 3624, 3962, 4306]",[1905],0.9529780564263323
"[2452, 2782, 3624, 4432]",[1905],0.9436201780415431
"[2452, 2782, 4306, 4432]",[1905],0.9445983379501385
"[1905, 2862, 3624, 4432]",[4306],0.9005847953216374
"[2782, 2862, 3624, 4432]",[1905],0.9382716049382716
"[2862, 3624, 4306, 4432]",[1905],0.9305135951661632
"[1905, 2452, 2782, 2862, 3624]",[4306],0.9209726443768997
"[1905, 2782, 2862, 3624, 4306]",[2452],0.9237804878048781
"[2452, 2782, 2862, 3624, 4306]",[1905],0.9439252336448598
"[571, 3860, 4432]",[1905],0.9296187683284457
"[571, 3860, 4306]",[1905],0.912
"[571, 1905, 2452, 3860]",[4306],0.863768115942029
"[571, 1905, 3860, 3962]",[4306],0.8982035928143712
"[571, 2452, 3860, 3962]",[1905],0.9498432601880877
"[571, 1905, 3860, 4306]",[2452],0.8713450292397661
"[571, 1905, 3962, 4306]",[2452],0.9010416666666666
"[571, 3860, 3962, 4306]",[1905],0.9345794392523364
"[571, 1905, 2862, 3860]",[4306],0.907185628742515
"[571, 2862, 3860, 4306]",[1905],0.926605504587156
"[571, 2452, 3860, 4306]",[1905],0.9400630914826499
"[1905, 2782, 3860, 3962]",[4306],0.9136490250696379
"[1905, 2782, 3860, 4432]",[4306],0.9040697674418605
"[1905, 2782, 3962, 4432]",[2452],0.9209039548022598
"[1905, 3860, 3962, 4432]",[2452],0.9157303370786517
"[2782, 3860, 3962, 4432]",[1905],0.9581993569131833
"[2452, 2782, 3860, 4432]",[1905],0.9539877300613497
"[1905, 3860, 4306, 4432]",[2452],0.8873239436619719
"[2782, 3860, 4306, 4432]",[1905],0.9510703363914373
"[1905, 2782, 2862, 3860]",[4306],0.923728813559322
"[1905, 2782, 2862, 3938]",[4306],0.9157608695652174
"[1905, 2782, 3860, 3938]",[4306],0.8942857142857142
"[1905, 2862, 3860, 3938]",[4306],0.9085714285714286
"[2782, 2862, 3860, 3938]",[1905],0.9705882352941176
"[2452, 2782, 3860, 3938]",[1905],0.9688473520249221
"[2782, 3860, 3938, 4306]",[1905],0.9601226993865031
"[2782, 3860, 3962, 4306]",[1905],0.956268221574344
"[2782, 3938, 3962, 4306]",[1905],0.9506849315068493
"[2782, 2862, 3860, 4306]",[1905],0.9478260869565217
"[2862, 3860, 3962, 4306]",[1905],0.9367816091954023
"[1905, 2862, 3860, 3962]",[4306],0.9209039548022598
"[2452, 2782, 3860, 4306]",[1905],0.9532163742690059
"[2452, 3860, 3962, 4306]",[1905],0.9453551912568307
"[1905, 2452, 2782, 3860, 3962]",[4306],0.916923076923077
"[1905, 2452, 2782, 3860, 4306]",[3962],0.9141104294478528
"[1905, 2452, 3860, 3962, 4306]",[3938],0.8815028901734104
"[1905, 2782, 3860, 3962, 4306]",[2452],0.9085365853658537
"[2452, 2782, 3860, 3962, 4306]",[1905],0.9644012944983819
"[2452, 2862, 3860, 4306]",[1905],0.9425287356321839
"[1905, 2862, 3860, 4432]",[4306],0.9044776119402985
"[2452, 2862, 3860, 4432]",[1905],0.946875
"[2862, 3860, 4306, 4432]",[1905],0.926605504587156
"[2862, 3860, 3938, 4306]",[1905],0.9492537313432836
"[1905, 2452, 2862, 3860, 3962]",[4306],0.922360248447205
"[1905, 2452, 2862, 3860, 4306]",[3962],0.9054878048780488
"[1905, 2862, 3860, 3962, 4306]",[2452],0.911042944785276
"[2452, 2862, 3860, 3962, 4306]",[1905],0.9519230769230769
"[3860, 3938, 4306, 4432]",[1905],0.9495268138801262
"[2452, 3860, 3938, 4432]",[1905],0.9574468085106383
"[2452, 3860, 3962, 4432]",[1905],0.9560117302052786
"[2452, 3938, 3962, 4432]",[1905],0.9438202247191011
"[2452, 3860, 4306, 4432]",[1905],0.9431137724550899
"[1905, 2452, 3860, 3938, 3962]",[4306],0.8866279069767442
"[1905, 2452, 3860, 3938, 4306]",[3962],0.9384615384615385
"[1905, 3860, 3938, 3962, 4306]",[2452],0.9023668639053254
"[2452, 3860, 3938, 3962, 4306]",[1905],0.953125
"[571, 1905, 2452, 4432]",[4306],0.8647887323943662
"[571, 1905, 3962, 4432]",[2452],0.9063444108761329
"[571, 2452, 3962, 4432]",[1905],0.9493670886075949
"[571, 1905, 2782, 4306]",[2862],0.9074074074074074
"[571, 1905, 2782, 4432]",[2452],0.9009009009009009
"[571, 1905, 4306, 4432]",[2452],0.8924418604651163
"[571, 2782, 4306, 4432]",[1905],0.9369085173501577
"[571, 2452, 2782, 4432]",[1905],0.9433962264150944
"[571, 1905, 2862, 4432]",[4306],0.8970588235294118
"[571, 2452, 2862, 4432]",[1905],0.9442724458204335
"[571, 2862, 4306, 4432]",[1905],0.9131736526946108
"[571, 2452, 4306, 4432]",[1905],0.941717791411043
"[1905, 2782, 3938, 4432]",[2452],0.9098837209302325
"[2782, 3938, 3962, 4432]",[1905],0.9558359621451105
"[2782, 3938, 4306, 4432]",[1905],0.953416149068323
"[2452, 2782, 3938, 4432]",[1905],0.9513677811550152
"[2452, 2862, 3938, 4432]",[1905],0.9452887537993921
"[2452, 2862, 3962, 4432]",[1905],0.9446064139941691
"[1905, 2862, 3938, 4432]",[2452],0.9093567251461988
"[1905, 2862, 3962, 4432]",[2452],0.9230769230769231
"[2862, 3938, 4306, 4432]",[1905],0.9447852760736196
"[3938, 3962, 4306, 4432]",[1905],0.9415204678362573
"[2452, 2782, 3962, 4432]",[1905],0.9560117302052786
"[1905, 2452, 2782, 3962, 4432]",[4306],0.9202453987730062
"[1905, 2452, 2782, 4306, 4432]",[2862],0.8914956011730205
"[1905, 2452, 3962, 4306, 4432]",[2782],0.8797653958944281
"[1905, 2782, 3962, 4306, 4432]",[2452],0.9287925696594427
"[2452, 2782, 3962, 4306, 4432]",[1905],0.9584664536741214
"[2782, 2862, 4306, 4432]","[1905, 2452]",0.8587570621468926
"[1905, 2452, 2782, 2862, 4432]",[4306],0.918429003021148
"[1905, 2452, 2862, 4306, 4432]",[2782],0.8862973760932945
"[1905, 2782, 2862, 4306, 4432]",[2452],0.918429003021148
"[2452, 2782, 2862, 4306, 4432]",[1905],0.9470404984423676
"[571, 1905, 2452, 3938]",[3962],0.8977900552486188
"[571, 1905, 2782, 3938]",[2452],0.9123867069486404
"[571, 2452, 2782, 3938]",[1905],0.9526813880126183
"[571, 2862, 3938, 4306]",[1905],0.9395770392749244
"[571, 2862, 3962, 4306]",[1905],0.9232876712328767
"[571, 3938, 3962, 4306]",[1905],0.9271137026239067
"[571, 2452, 3938, 3962]",[1905],0.9365994236311239
"[571, 1905, 2862, 3938]",[4306],0.9040697674418605
"[571, 1905, 2862, 3962]",[4306],0.9059139784946236
"[571, 1905, 3938, 3962]",[2452],0.9129213483146067
"[571, 1905, 3938, 4306]",[3962],0.9111747851002865
"[571, 2452, 3962, 4306]",[1905],0.9276139410187667
"[1905, 2452, 2782, 2862, 3938]",[4306],0.9186746987951807
"[1905, 2452, 2782, 2862, 3962]",[4306],0.9348441926345609
"[1905, 2452, 2782, 3938, 3962]",[4306],0.9193083573487032
"[1905, 2452, 2862, 3938, 3962]",[4306],0.9108635097493036
"[1905, 2782, 2862, 3938, 3962]",[4306],0.9353846153846154
"[2452, 2782, 2862, 3938, 3962]",[1905],0.9526813880126183
"[2782, 2862, 3938, 4306]",[1905],0.9546742209631728
"[1905, 2782, 2862, 3938, 4306]",[2452],0.9050445103857567
"[1905, 2782, 2862, 3962, 4306]",[2452],0.9269662921348315
"[1905, 2782, 3938, 3962, 4306]",[2452],0.9193083573487032
"[1905, 2862, 3938, 3962, 4306]",[2452],0.9211267605633803
"[2782, 2862, 3938, 3962, 4306]",[1905],0.9559748427672956
"[2452, 2782, 3938, 4306]",[1905],0.9555555555555556
"[1905, 2452, 2782, 3938, 4306]",[3962],0.9273255813953488
"[1905, 2452, 2862, 3938, 4306]",[3962],0.923728813559322
"[2452, 2782, 2862, 3938, 4306]",[1905],0.9621451104100947
"[2452, 2782, 3938, 3962, 4306]",[1905],0.9579579579579579
"[2452, 2862, 3938, 3962, 4306]",[1905],0.9423631123919308
"[571, 2452, 2782, 2862]",[1905],0.9307479224376731
"[571, 2782, 2862, 4306]",[1905],0.9146666666666666
"[571, 2782, 3962, 4306]",[1905],0.938953488372093
"[571, 1905, 2782, 2862]",[4306],0.9098143236074271
"[571, 1905, 2782, 3962]",[4306],0.9124293785310734
"[571, 1905, 2452, 2782, 3962]",[4306],0.9138461538461539
"[571, 1905, 2452, 2782, 4306]",[2862],0.9191616766467066
"[571, 1905, 2452, 3962, 4306]",[2862],0.8959537572254336
"[571, 1905, 2782, 3962, 4306]",[2452],0.9195046439628483
"[571, 2452, 2782, 3962, 4306]",[1905],0.9488817891373802
"[2452, 2782, 2862, 3962, 4306]",[1905],0.9510086455331412
"[571, 1905, 2452, 2782, 2862]",[4306],0.9136904761904762
"[571, 1905, 2452, 2862, 4306]",[3962],0.8757062146892656
"[571, 1905, 2782, 2862, 4306]",[2452],0.8950437317784257
"[571, 2452, 2782, 2862, 4306]",[1905],0.9388379204892966
"[571, 1905, 2452, 2862, 3962]",[4306],0.9144542772861357
"[571, 1905, 2862, 3962, 4306]",[2452],0.9198813056379822
"[571, 2452, 2862, 3962, 4306]",[1905],0.9365558912386707
