itemset,support
[3385],298
[1625],302
[1324],304
[2465],304
[2200],304
[2128],306
[3254],306
[3463],307
[4141],307
[331],310
[3684],311
[2209],312
[241],316
[2953],320
[3433],323
[4262],323
[3864],324
[1561],327
[658],330
"[1571, 4306]",299
"[1571, 2862]",300
[3538],332
[3782],332
"[468, 1905]",301
"[468, 3925]",307
[2186],334
"[1905, 2186]",300
[1703],334
"[1905, 2290]",304
"[2290, 3962]",305
[2743],336
[2462],337
[3371],339
[1810],339
"[1810, 1905]",303
[2430],339
"[2430, 2452]",300
[4302],341
[357],343
[4227],347
"[1905, 2470]",302
"[2470, 4306]",304
"[788, 4306]",298
"[788, 1905]",300
"[788, 2452]",300
"[571, 788]",324
"[312, 1905]",305
"[312, 4306]",310
"[312, 571]",323
[4266],356
"[1905, 4266]",318
[2800],357
"[1905, 2800]",305
[1650],359
"[571, 3756]",302
"[1905, 3756]",303
"[2452, 3610]",305
"[1905, 3610]",318
"[1798, 3610]",332
"[197, 1220]",298
"[197, 4432]",307
"[197, 1905]",323
"[708, 2452]",301
"[708, 2862]",302
"[708, 1905]",304
"[708, 4306]",313
"[3638, 4432]",304
"[1905, 3638]",322
"[2612, 3106]",300
"[1905, 2612]",305
"[2612, 2862]",306
"[2612, 4306]",312
"[329, 2862]",308
"[329, 571]",316
"[329, 4306]",316
"[329, 2452]",320
"[329, 1905]",332
"[3320, 3962]",298
"[2452, 3320]",300
"[3320, 4306]",307
"[1905, 3320]",328
"[2152, 4330]",299
"[3106, 4330]",300
"[2452, 4330]",303
"[3938, 4330]",304
"[1542, 4330]",305
"[4306, 4330]",314
"[3962, 4330]",315
"[1905, 4330]",324
"[3333, 4432]",303
"[3333, 3938]",304
"[2862, 3333]",304
"[2452, 3333]",310
"[3333, 3962]",312
"[3333, 4306]",323
"[1905, 3333]",340
"[571, 1102]",299
"[1102, 3962]",302
"[1102, 2862]",310
"[1102, 4432]",319
"[1102, 2452]",320
"[1102, 4306]",328
"[1102, 1905]",329
"[3905, 3938]",299
"[571, 3905]",310
"[3905, 3962]",315
"[1905, 2452, 3905]",298
"[2452, 3905, 4306]",302
"[2862, 3905]",334
"[2862, 3905, 4306]",314
"[1905, 3905]",336
"[1905, 3905, 4306]",310
"[3905, 4306]",349
"[3106, 3368]",303
"[3368, 3962]",306
"[2452, 3368]",306
"[3368, 4306]",318
"[1905, 3368]",325
"[2862, 3151]",307
"[571, 3151]",308
"[3151, 3962]",308
"[3151, 4306]",310
"[2452, 3151]",317
"[1905, 2452, 3151]",299
"[1905, 3151]",351
"[2452, 4345]",303
"[1905, 4345]",324
"[571, 4345]",327
"[1799, 2782]",299
"[1799, 2862]",300
"[1799, 4432]",301
"[607, 1799]",306
"[1799, 4306]",317
"[1798, 1799]",318
"[1799, 2452]",322
"[1799, 1905]",331
"[3079, 3860]",301
"[2782, 3079]",302
"[2862, 3079]",307
"[1905, 3079, 3938]",300
"[3079, 3938, 3962]",305
"[2452, 3079, 4306]",298
"[2452, 3079, 3962]",308
"[1905, 2452, 3079]",312
"[1905, 3079, 4306]",314
"[3079, 3962, 4306]",315
"[3079, 3962]",354
"[1905, 3079, 3962]",324
"[1905, 3079]",357
"[1962, 2874]",298
"[2874, 3860]",298
"[2372, 2874]",301
"[2874, 4432]",307
"[2874, 4306]",314
"[2874, 3938]",316
"[2452, 2874]",319
"[1905, 2452, 2874]",299
"[2874, 3962]",332
"[1905, 2874, 3962]",305
"[1905, 2874]",354
"[1865, 3917]",299
"[3917, 3962]",303
"[2452, 3917]",308
"[2862, 3917]",312
"[3917, 4306]",312
"[571, 3917]",334
"[1905, 3917]",342
"[1615, 3938]",298
"[1615, 3106]",302
"[1615, 2782]",307
"[1615, 2862]",307
"[1542, 1615]",314
"[1615, 3962]",316
"[1615, 2452]",316
"[1615, 4306]",326
"[1615, 1905]",337
"[1406, 3860]",304
"[607, 1406]",305
"[1406, 3938]",307
"[1406, 2782]",308
"[1406, 4306]",326
"[1406, 3962]",327
"[1406, 1905, 3962]",304
"[1406, 2452]",335
"[1406, 1905, 2452]",310
"[1406, 1905]",357
"[2342, 2862]",301
"[2342, 4306]",314
"[2342, 2452]",316
"[2342, 3962]",317
"[571, 2342]",323
"[1905, 2342]",332
"[3290, 3962]",310
"[2782, 3290]",320
"[571, 3290]",336
"[571, 2862, 3290]",298
"[3290, 4306]",340
"[2862, 3290, 4306]",311
"[1905, 3290]",342
"[1905, 2862, 3290]",303
"[2452, 3290]",345
"[2452, 2862, 3290]",302
"[2862, 3290]",353
"[3282, 3962]",306
"[3282, 4432]",307
"[2862, 3282]",309
"[3282, 4306]",309
"[2452, 3282]",316
"[571, 3282]",336
"[1905, 3282]",350
"[30, 299]",301
"[299, 3938]",307
"[299, 4432]",308
"[299, 2862]",317
"[299, 571]",327
"[299, 2452]",331
"[299, 3962]",332
"[299, 1905, 3962]",298
"[299, 1905]",349
"[299, 1905, 4306]",301
"[299, 4306]",350
"[483, 3427]",299
"[483, 1962]",303
"[483, 1798]",304
"[483, 2782]",305
"[483, 2152]",308
"[483, 4432]",328
"[483, 1905, 4432]",302
"[483, 4306]",328
"[483, 3938]",330
"[483, 1905, 3938]",308
"[483, 3860]",333
"[483, 1905, 3860]",301
"[483, 3962]",334
"[483, 1905, 3962]",302
"[483, 2452]",334
"[483, 1905, 2452]",305
"[483, 1905]",364
"[30, 1145]",305
"[1145, 4432]",306
"[1145, 2452]",307
"[1145, 3860]",310
"[1145, 3938]",313
"[1145, 1542]",314
"[1145, 1962]",318
"[1145, 3106]",333
"[1145, 4306]",334
"[1145, 3962]",335
"[1145, 1905, 3962]",299
"[1145, 2152]",345
"[1145, 1905, 2152]",299
"[1145, 1905]",355
"[2372, 2580]",303
"[2580, 3106]",304
"[30, 2580]",309
"[2152, 2580]",310
"[1962, 2580]",310
"[2580, 4432]",322
"[1905, 2580, 4432]",302
"[2580, 4306]",322
"[1905, 2580, 4306]",301
"[2452, 2580]",325
"[1905, 2452, 2580]",308
"[2580, 3860]",326
"[1905, 2580, 3860]",303
"[2580, 3938]",330
"[1905, 2580, 3938]",312
"[2580, 3962]",339
"[1905, 2580, 3962]",314
"[1905, 2580]",379
"[607, 1754]",298
"[1754, 4432]",298
"[1754, 2660]",304
"[1542, 1754]",304
"[1754, 3106]",313
"[1754, 2782]",314
"[1754, 3938]",323
"[1754, 3938, 3962]",300
"[571, 1754]",329
"[1754, 2452, 3962]",301
"[1754, 2452, 4306]",303
"[1754, 1905, 2452]",310
"[1754, 2862, 3962]",298
"[1754, 1905, 2862]",303
"[1754, 2862, 4306]",316
"[1754, 3962, 4306]",316
"[1754, 1905, 3962]",320
"[1754, 4306]",361
"[1754, 1905, 4306]",316
"[1754, 1905]",363
"[1144, 2660]",299
"[1144, 3106]",304
"[1144, 2782]",306
"[1144, 1542]",313
"[1144, 3938]",316
"[571, 1144]",318
"[1144, 2862]",324
"[1144, 2452]",324
"[1144, 3962]",336
"[1144, 4306]",339
"[1144, 1905]",352
"[1744, 3624]",301
"[1744, 3106]",303
"[1744, 3860]",306
"[571, 1744]",306
"[1744, 4432]",310
"[1744, 3938]",314
"[607, 1744]",317
"[1744, 2782]",321
"[1744, 2862]",333
"[1744, 3962]",333
"[1744, 1905, 3962]",300
"[1744, 4306]",338
"[1744, 2452]",347
"[1744, 1905, 2452]",302
"[1744, 1798]",349
"[1744, 1798, 1905]",298
"[1744, 1905]",356
"[2152, 2391]",305
"[2391, 3624]",311
"[2391, 2862]",318
"[1220, 2391]",321
"[2372, 2391]",321
"[2391, 2452]",330
"[1905, 2391, 2452]",299
"[30, 2391]",335
"[2391, 3860, 3938]",299
"[1962, 2391, 3938]",301
"[1905, 2391, 3938]",312
"[1962, 2391, 3962]",299
"[1905, 2391, 3962]",307
"[1962, 2391, 4306]",309
"[1905, 2391, 4306]",311
"[1962, 2391, 4432]",306
"[1905, 2391, 4432]",318
"[1905, 2391, 3860]",317
"[1962, 2391, 3860]",320
"[1962, 2391]",371
"[1905, 2391]",371
"[1905, 1962, 2391]",328
"[175, 2372]",305
"[175, 4432]",305
"[175, 3938]",307
"[175, 2122]",314
"[175, 571, 2122]",300
"[175, 457]",323
"[175, 3962]",327
"[175, 1905, 3962]",298
"[175, 1905, 2782]",298
"[175, 2452, 2782]",299
"[175, 571, 2782]",300
"[175, 2782, 2862]",305
"[175, 1905, 4306]",309
"[175, 2452, 4306]",310
"[175, 571, 4306]",315
"[175, 2862, 4306]",321
"[175, 1905, 2452]",319
"[175, 2452, 2862]",324
"[175, 571, 2452]",325
"[175, 1905, 2862]",324
"[175, 571, 1905]",325
"[175, 2862]",374
"[175, 571, 2862]",336
"[175, 571]",380
"[1865, 2122]",298
"[457, 2122]",300
"[2122, 4432]",301
"[2122, 2782]",321
"[2122, 3962]",335
"[571, 2122, 3962]",301
"[2122, 2862, 4306]",305
"[1905, 2122, 2862]",305
"[571, 2122, 2862]",327
"[2122, 2452, 4306]",309
"[1905, 2122, 4306]",310
"[571, 2122, 4306]",333
"[1905, 2122, 2452]",320
"[571, 1905, 2122, 2452]",298
"[571, 2122, 2452]",338
"[1905, 2122]",373
"[571, 1905, 2122]",337
"[571, 2122]",399
"[1865, 2782]",303
"[457, 1865]",303
"[1865, 3860]",304
"[1865, 4432]",311
"[1865, 2372]",313
"[1865, 3938]",331
"[1865, 1905, 3938]",313
"[571, 1865, 2862]",301
"[1865, 1905, 2862]",308
"[1865, 3962]",339
"[1865, 1905, 3962]",311
"[571, 1865, 2452]",299
"[1865, 1905, 2452]",317
"[571, 1865, 4306]",301
"[1865, 1905, 4306]",312
"[571, 1865]",368
"[571, 1865, 1905]",324
"[1865, 1905]",391
"[758, 1220]",300
"[758, 3624]",303
"[571, 758]",315
"[30, 758]",319
"[758, 2862]",321
"[758, 3860]",332
"[758, 1905, 3860]",307
"[758, 2372]",333
"[758, 1905, 2372]",306
"[758, 1962]",336
"[758, 1905, 1962]",308
"[758, 2452]",337
"[758, 1905, 2452]",316
"[758, 3938]",337
"[758, 1905, 3938]",316
"[758, 4306]",346
"[758, 1905, 4306]",315
"[758, 4432]",348
"[758, 1905, 4432]",322
"[758, 3962]",351
"[758, 1905, 3962]",328
"[758, 1905]",393
"[2913, 3106]",299
"[886, 2913]",303
"[30, 2913]",304
"[2913, 3860]",305
"[1962, 2913]",308
"[1180, 2913]",310
"[2372, 2913]",317
"[2913, 3624]",320
"[1905, 2913, 3624]",298
"[2782, 2913]",322
"[1905, 2782, 2913]",304
"[571, 2913]",329
"[571, 1905, 2913]",301
"[2913, 4432]",333
"[1905, 2913, 4432]",311
"[2862, 2913]",334
"[1905, 2862, 2913]",310
"[2913, 3938]",336
"[1905, 2913, 3938]",319
"[2452, 2913, 4306]",301
"[2913, 3962, 4306]",304
"[1905, 2913, 4306]",326
"[2452, 2913, 3962]",301
"[1905, 2452, 2913]",329
"[2913, 3962]",360
"[1905, 2913, 3962]",338
"[1905, 2913]",404
"[191, 2112]",303
"[1180, 2112]",304
"[2112, 4356]",304
"[2112, 3925]",305
"[30, 2112]",309
"[2112, 2782]",309
"[1220, 2112]",311
"[457, 2112]",318
"[1962, 2112]",324
"[1905, 1962, 2112]",302
"[571, 2112]",325
"[2112, 3624]",330
"[1905, 2112, 3624]",306
"[2112, 2372]",332
"[1905, 2112, 2372]",309
"[2112, 3938]",332
"[1905, 2112, 3938]",313
"[2112, 3860, 4306]",304
"[1905, 2112, 3860]",322
"[2112, 2452, 2862]",302
"[1905, 2112, 2862]",322
"[1905, 2112, 2862, 4306]",298
"[2112, 2862, 4306]",327
"[2112, 2452, 3962]",308
"[2112, 3962, 4306]",315
"[1905, 2112, 3962]",329
"[2112, 2452, 4432]",301
"[2112, 4306, 4432]",313
"[1905, 2112, 4432]",334
"[2112, 2452, 4306]",325
"[1905, 2112, 2452, 4306]",306
"[1905, 2112, 2452]",341
"[2112, 4306]",379
"[1905, 2112, 4306]",342
"[1905, 2112]",403
"[2782, 4472]",301
"[1542, 4472]",302
"[1180, 4472]",304
"[1962, 4472]",315
"[3860, 4472]",316
"[3624, 4472]",319
"[2372, 4472]",321
"[1470, 4472]",325
"[2862, 4472]",331
"[1905, 2862, 4472]",299
"[3938, 4472]",335
"[1905, 3938, 4472]",316
"[30, 4472]",338
"[30, 1905, 4472]",305
"[571, 4472]",341
"[3962, 4472]",344
"[1905, 3962, 4472]",322
"[2452, 4472]",345
"[1905, 2452, 4472]",321
"[4432, 4472]",350
"[1905, 4432, 4472]",320
"[4306, 4472]",351
"[1905, 4306, 4472]",320
"[1905, 4472]",395
"[1307, 3106]",303
"[30, 1307]",308
"[191, 1307]",310
"[1307, 1798]",310
"[1307, 3925]",311
"[1307, 3427]",311
"[1307, 2152]",319
"[607, 1307]",320
"[1307, 2862]",320
"[1307, 3825]",321
"[1307, 2782]",326
"[1307, 1905, 2782]",299
"[1307, 1962]",332
"[1307, 1905, 1962]",307
"[1307, 1428]",336
"[1307, 1428, 1905]",304
"[1220, 1307, 4432]",298
"[1220, 1307, 1905]",302
"[1307, 3938]",342
"[1307, 1905, 3938]",324
"[1307, 3962, 4432]",302
"[1307, 1905, 3962]",329
"[1307, 2372, 4432]",308
"[1307, 1905, 2372]",319
"[1307, 4306, 4432]",308
"[1307, 1905, 4306]",324
"[1307, 3624, 4432]",314
"[1307, 1905, 3624]",328
"[1307, 2452, 4432]",318
"[1307, 1905, 2452]",328
"[1307, 3860, 4432]",315
"[1307, 1905, 3860]",332
"[1307, 4432]",382
"[1307, 1905, 4432]",349
"[1307, 1905]",404
"[985, 1962]",303
"[985, 2372]",310
"[985, 2152]",311
"[571, 985]",313
"[985, 3106]",315
"[985, 3427]",317
"[985, 3925]",321
"[985, 1905, 3925]",299
"[191, 985, 2452]",299
"[191, 985, 1905]",300
"[985, 1798]",324
"[985, 3624]",326
"[985, 1905, 3624]",303
"[985, 3860]",334
"[985, 1905, 3860]",306
"[607, 985]",340
"[607, 985, 1905]",311
"[985, 2452, 2782]",305
"[985, 2782, 4306]",309
"[985, 1905, 2782]",310
"[985, 2452, 2862]",309
"[985, 1905, 2862]",311
"[985, 2862, 4306]",320
"[985, 2452, 4432]",308
"[985, 1905, 4432]",321
"[985, 3938, 4306]",298
"[985, 3938, 3962]",312
"[985, 1905, 3938, 3962]",299
"[985, 2452, 3938]",312
"[985, 1905, 2452, 3938]",299
"[985, 1905, 3938]",330
"[985, 3962, 4306]",313
"[985, 2452, 3962]",319
"[985, 1905, 2452, 3962]",304
"[985, 1905, 3962]",334
"[985, 2452, 4306]",329
"[985, 1905, 2452, 4306]",304
"[985, 1905, 4306]",337
"[985, 2452]",387
"[985, 1905, 2452]",352
"[985, 1905]",400
"[313, 3624]",302
"[313, 1220]",307
"[313, 2372]",308
"[313, 1962]",311
"[313, 1180]",315
"[313, 4123]",317
"[313, 607]",320
"[313, 571]",322
"[30, 313]",324
"[313, 3860]",328
"[313, 2862]",330
"[313, 1542]",332
"[313, 3938]",336
"[313, 1905, 3938]",306
"[313, 4432]",336
"[313, 2782]",337
"[313, 2452]",344
"[313, 2452, 4306]",299
"[313, 2152]",347
"[313, 3106]",349
"[313, 1905, 3962]",308
"[313, 3962, 4306]",308
"[313, 1905]",368
"[313, 1905, 4306]",319
"[313, 4306]",378
"[2372, 2660]",302
"[1962, 2660]",306
"[607, 2660]",309
"[1798, 2660]",309
"[2660, 3860]",309
"[30, 2660]",313
"[2152, 2660]",313
"[2660, 4432]",317
"[1180, 2660]",324
"[2660, 3938, 3962]",299
"[1905, 2660, 3938]",303
"[2660, 2782]",336
"[2660, 3106]",338
"[2660, 3106, 4306]",298
"[1542, 2660]",351
"[1542, 2660, 4306]",300
"[571, 1905, 2660]",301
"[571, 2660, 2862]",304
"[571, 2660, 4306]",311
"[2452, 2660, 2862]",298
"[2452, 2660, 3962]",302
"[2452, 2660, 4306]",309
"[1905, 2452, 2660]",314
"[1905, 2660, 2862]",308
"[2660, 2862, 4306]",322
"[1905, 2660, 3962]",318
"[2660, 3962, 4306]",320
"[1905, 2660]",378
"[1905, 2660, 4306]",322
"[2660, 4306]",380
"[3624, 4123]",301
"[1798, 4123]",305
"[30, 4123]",309
"[1542, 4123]",315
"[3427, 4123]",315
"[2862, 4123]",316
"[571, 4123]",317
"[607, 4123]",320
"[1962, 4123]",320
"[4123, 4432]",326
"[2782, 4123]",326
"[3938, 4123]",328
"[1905, 3938, 4123]",306
"[2452, 4123]",333
"[3860, 4123]",339
"[1905, 3860, 4123]",299
"[3962, 4123]",340
"[1905, 3962, 4123]",304
"[4123, 4306]",349
"[1905, 4123, 4306]",299
"[3106, 4123]",351
"[1905, 3106, 4123]",301
"[2152, 4123]",355
"[1905, 2152, 4123]",305
"[1905, 4123]",381
"[2095, 3925]",299
"[1202, 2095]",306
"[2095, 2372]",307
"[2095, 3624]",309
"[191, 2095]",310
"[1542, 2095]",312
"[2095, 3427]",313
"[571, 2095]",323
"[1798, 2095]",326
"[1962, 2095]",327
"[2095, 4432]",333
"[1905, 2095, 4432]",302
"[2095, 3106]",335
"[2095, 2152, 3860]",302
"[1905, 2095, 2152]",304
"[607, 2095, 3860]",298
"[607, 1905, 2095]",313
"[2095, 2782, 2862]",298
"[2095, 2452, 2782]",300
"[2095, 2782, 3860]",302
"[2095, 2782, 4306]",310
"[1905, 2095, 2782]",313
"[2095, 2862, 3938]",298
"[2095, 2862, 3860]",302
"[2095, 2452, 2862]",303
"[2095, 2862, 3962]",303
"[1905, 2095, 2862]",310
"[2095, 2862, 4306]",325
"[2095, 2452, 3938]",305
"[2095, 2452, 3860]",306
"[2095, 2452, 3962]",311
"[2095, 2452, 4306]",316
"[1905, 2095, 2452]",325
"[2095, 3938, 4306]",315
"[2095, 3860, 3938]",320
"[1905, 2095, 3860, 3938]",299
"[2095, 3938, 3962]",326
"[1905, 2095, 3938, 3962]",303
"[1905, 2095, 3938]",336
"[2095, 3860, 3962]",323
"[2095, 3962, 4306]",329
"[1905, 2095, 3962, 4306]",299
"[1905, 2095, 3962]",335
"[2095, 3860, 4306]",324
"[1905, 2095, 4306]",336
"[2095, 3860]",381
"[1905, 2095, 3860]",341
"[1905, 2095]",395
"[3427, 4043]",300
"[3825, 4043]",302
"[457, 4043]",303
"[2152, 4043]",303
"[4043, 4356]",307
"[30, 4043]",308
"[607, 4043]",309
"[1798, 4043]",309
"[1220, 4043]",311
"[1962, 4043]",311
"[3106, 4043]",319
"[1180, 4043]",329
"[1180, 4043, 4306]",305
"[191, 4043, 4306]",302
"[191, 2452, 4043]",308
"[191, 1905, 4043]",310
"[3925, 4043, 4306]",301
"[2452, 3925, 4043]",304
"[1905, 3925, 4043]",309
"[2452, 3624, 4043]",301
"[3624, 4043, 4306]",305
"[1905, 3624, 4043]",316
"[2372, 2452, 4043]",304
"[2372, 4043, 4306]",309
"[1905, 2372, 4043]",309
"[3860, 3962, 4043]",301
"[2452, 3860, 4043]",303
"[1905, 3860, 4043]",314
"[3860, 4043, 4306]",315
"[571, 2862, 4043]",304
"[571, 1905, 4043]",307
"[571, 2452, 4043]",308
"[571, 4043, 4306]",318
"[2782, 3962, 4043]",300
"[2782, 2862, 4043]",308
"[1905, 2782, 4043]",318
"[1905, 2782, 4043, 4306]",303
"[2452, 2782, 4043]",319
"[2452, 2782, 4043, 4306]",310
"[2782, 4043, 4306]",330
"[2452, 4043, 4432]",312
"[4043, 4306, 4432]",316
"[1905, 4043, 4432]",323
"[2452, 3938, 4043, 4306]",304
"[1905, 2452, 3938, 4043]",309
"[3938, 3962, 4043, 4306]",303
"[1905, 3938, 3962, 4043]",305
"[3938, 4043, 4306]",329
"[1905, 3938, 4043, 4306]",308
"[1905, 3938, 4043]",335
"[2862, 3962, 4043]",312
"[2862, 3962, 4043, 4306]",299
"[1905, 2452, 2862, 4043]",301
"[2452, 2862, 4043, 4306]",313
"[1905, 2862, 4043]",330
"[1905, 2862, 4043, 4306]",310
"[2862, 4043, 4306]",347
"[2452, 3962, 4043, 4306]",316
"[1905, 2452, 3962, 4043, 4306]",299
"[1905, 2452, 3962, 4043]",317
"[3962, 4043, 4306]",348
"[1905, 3962, 4043]",348
"[1905, 3962, 4043, 4306]",320
"[1905, 2452, 4043]",364
"[1905, 2452, 4043, 4306]",338
"[2452, 4043, 4306]",368
"[4043, 4306]",408
"[1905, 4043, 4306]",362
"[1905, 4043]",409
"[191, 1202]",298
"[1180, 1202]",301
"[1202, 3925]",302
"[1202, 1962]",310
"[1202, 3624]",310
"[798, 1202]",311
"[1202, 3106]",311
"[1202, 2372]",319
"[607, 1202]",330
"[1202, 4432]",330
"[1202, 1798]",335
"[1202, 3860]",337
"[1202, 1905, 3860]",299
"[1202, 2452, 3938]",300
"[1202, 3938, 3962]",306
"[1202, 1905, 3938]",319
"[1202, 2782, 2862]",308
"[1202, 1905, 2782]",310
"[1202, 2782, 4306]",311
"[1202, 2452, 2782]",311
"[571, 1202, 4306]",303
"[571, 1202, 2452]",306
"[571, 1202, 1905]",308
"[571, 1202, 2862]",311
"[1202, 3962, 4306]",306
"[1202, 2862, 3962]",307
"[1202, 2452, 3962]",312
"[1202, 1905, 3962]",325
"[1202, 1905, 4306]",319
"[1202, 2452, 4306]",320
"[1202, 2862, 4306]",329
"[1202, 2452, 2862]",318
"[1202, 1905, 2862]",321
"[1202, 2452]",380
"[1202, 1905, 2452]",334
"[1202, 1905]",392
"[1798, 3605]",300
"[2372, 3605]",303
"[798, 3605]",306
"[3605, 4432]",309
"[1180, 3605]",310
"[1542, 3605]",315
"[607, 3605]",319
"[3605, 3860]",319
"[3106, 3605]",339
"[3106, 3605, 4306]",298
"[2452, 2782, 3605]",300
"[2782, 3605, 4306]",309
"[571, 2452, 3605]",302
"[571, 3605, 4306]",313
"[571, 2862, 3605]",314
"[2452, 3605, 3938]",303
"[3605, 3938, 4306]",306
"[3605, 3938, 3962]",323
"[1905, 3605, 3938, 3962]",301
"[1905, 3605, 3938]",326
"[2862, 3605, 3962]",309
"[2452, 2862, 3605]",313
"[1905, 2862, 3605]",314
"[2862, 3605, 4306]",336
"[2452, 3605, 3962]",321
"[1905, 2452, 3605]",327
"[2452, 3605, 4306]",335
"[3605, 3962, 4306]",332
"[1905, 3605, 3962, 4306]",298
"[1905, 3605, 3962]",338
"[1905, 3605]",385
"[1905, 3605, 4306]",333
"[3605, 4306]",393
"[1110, 1542]",298
"[607, 1110]",298
"[1110, 4356]",299
"[1110, 3106]",312
"[1110, 2862]",319
"[1110, 2782]",319
"[1110, 2152]",322
"[1110, 1962]",331
"[1110, 1905, 1962]",298
"[1110, 1220]",332
"[1110, 2372]",333
"[1110, 1905, 2372]",303
"[1110, 3624]",340
"[1110, 1905, 3624]",313
"[1110, 3860]",344
"[1110, 1905, 3860]",312
"[1110, 3938, 3962]",301
"[1110, 1905, 3938]",323
"[30, 1110]",351
"[30, 1110, 1905]",312
"[1110, 2452, 4306]",299
"[1110, 1905, 4306]",321
"[1110, 2452, 3962]",301
"[1110, 1905, 3962]",326
"[1110, 2452, 4432]",301
"[1110, 1905, 2452]",334
"[1110, 4432]",363
"[1110, 1905, 4432]",332
"[1110, 1905]",409
"[1428, 3925]",299
"[191, 1428]",302
"[1428, 4356]",310
"[1428, 1798]",311
"[571, 1428]",316
"[607, 1428]",318
"[1180, 1428]",321
"[1428, 3106]",324
"[1428, 2152]",330
"[1428, 3825]",334
"[1428, 3825, 4432]",300
"[1428, 2782, 4306]",307
"[1428, 1905, 2782]",312
"[30, 1428, 1905]",306
"[30, 1428, 4432]",307
"[1428, 2862, 4432]",303
"[1428, 1905, 2862]",312
"[1428, 2862, 4306]",314
"[1428, 1962, 4306]",299
"[1428, 1962, 4432]",309
"[1428, 1905, 1962]",318
"[1428, 3624, 4306]",298
"[1428, 2452, 3624]",305
"[1428, 3624, 4432]",317
"[1428, 1905, 3624]",328
"[1220, 1428, 4306]",298
"[1220, 1428, 4432]",315
"[1220, 1428, 1905]",315
"[1428, 2372, 3860]",298
"[1428, 2372, 2452]",301
"[1428, 2372, 4306]",305
"[1428, 2372, 4432]",315
"[1428, 1905, 2372]",325
"[1428, 3938, 4306]",298
"[1428, 2452, 3938]",302
"[1428, 3938, 4432]",309
"[1428, 3938, 3962]",314
"[1428, 1905, 3938]",335
"[1428, 3860, 3962]",300
"[1428, 2452, 3962]",307
"[1428, 3962, 4432]",315
"[1428, 3962, 4306]",320
"[1428, 1905, 3962]",334
"[1428, 2452, 3860]",305
"[1428, 3860, 4306]",311
"[1428, 3860, 4432]",316
"[1428, 1905, 3860]",327
"[1428, 2452, 4306]",317
"[1428, 2452, 4432]",330
"[1428, 1905, 2452, 4432]",302
"[1428, 1905, 2452]",341
"[1428, 4306, 4432]",331
"[1428, 1905, 4306, 4432]",301
"[1428, 1905, 4306]",340
"[1428, 4432]",399
"[1428, 1905, 4432]",356
"[1428, 1905]",411
"[1542, 3825]",299
"[191, 3825]",313
"[571, 3825]",319
"[1180, 3825]",323
"[3825, 4356]",324
"[3825, 3925]",325
"[1905, 3825, 3925]",298
"[3106, 3825]",327
"[3427, 3825]",327
"[607, 3825]",331
"[30, 3825]",331
"[30, 1905, 3825]",298
"[1962, 3825]",332
"[1905, 1962, 3825]",302
"[1798, 3825]",336
"[1220, 3825]",337
"[1220, 1905, 3825]",301
"[2152, 3825]",341
"[1905, 2152, 3825]",302
"[2372, 3825, 4306]",302
"[2372, 2452, 3825]",306
"[2372, 3825, 4432]",310
"[1905, 2372, 3825]",319
"[3825, 3938, 4306]",304
"[3825, 3938, 3962]",309
"[3825, 3938, 4432]",309
"[2452, 3825, 3938]",315
"[1905, 3825, 3938]",335
"[2862, 3825, 4432]",308
"[2782, 2862, 3825]",310
"[2452, 2862, 3825]",318
"[1905, 2862, 3825]",320
"[2862, 3825, 4306]",324
"[2782, 3825, 4432]",301
"[2782, 3624, 3825]",307
"[2452, 2782, 3825]",317
"[2782, 3825, 4306]",322
"[1905, 2782, 3825]",322
"[3825, 3860, 3962]",302
"[3825, 3962, 4432]",305
"[3825, 3962, 4306]",318
"[2452, 3825, 3962]",322
"[1905, 2452, 3825, 3962]",298
"[1905, 3825, 3962]",334
"[3624, 3825, 3860]",298
"[3825, 3860, 4306]",309
"[2452, 3825, 3860]",310
"[3825, 3860, 4432]",315
"[1905, 3825, 3860]",333
"[3624, 3825, 4306]",310
"[3624, 3825, 4432]",313
"[2452, 3624, 3825]",321
"[1905, 3624, 3825]",340
"[3825, 4306, 4432]",324
"[1905, 3825, 4306, 4432]",298
"[2452, 3825, 4306]",335
"[1905, 2452, 3825, 4306]",303
"[1905, 3825, 4306]",343
"[2452, 3825, 4432]",334
"[1905, 2452, 3825, 4432]",307
"[1905, 3825, 4432]",353
"[2452, 3825]",395
"[1905, 2452, 3825]",351
"[1905, 3825]",415
"[886, 1542]",298
"[886, 2152]",299
"[457, 886]",307
"[886, 3106]",313
"[886, 4356]",320
"[886, 2782]",332
"[886, 1905, 2782]",300
"[886, 1962]",334
"[886, 1180]",337
"[886, 1180, 1905]",299
"[886, 3624]",337
"[886, 1905, 3624]",309
"[571, 886]",338
"[886, 3860]",341
"[886, 1905, 3860]",304
"[886, 1220]",348
"[886, 1220, 1905]",299
"[886, 2862, 4306]",306
"[886, 1905, 2862]",306
"[886, 2452, 3962]",302
"[886, 1905, 2452]",321
"[30, 886]",355
"[30, 886, 1905]",318
"[886, 2372, 4432]",304
"[886, 1905, 2372]",321
"[886, 3962, 4306]",308
"[886, 1905, 4306]",324
"[886, 3938, 3962]",325
"[886, 1905, 3938, 3962]",301
"[886, 1905, 3938]",335
"[886, 4432]",368
"[886, 1905, 4432]",330
"[886, 3962]",378
"[886, 1905, 3962]",343
"[886, 1905]",410
"[798, 1542]",300
"[798, 3427]",300
"[798, 2152]",303
"[457, 798]",304
"[191, 798]",306
"[798, 2372]",313
"[798, 3925]",316
"[798, 1180]",317
"[798, 3860]",319
"[798, 3624]",323
"[798, 4432]",326
"[798, 3106]",331
"[607, 798]",333
"[798, 1798]",335
"[798, 1798, 2862]",301
"[798, 2452, 3938]",298
"[798, 3938, 3962]",300
"[798, 2862, 3938]",302
"[798, 1905, 3938]",312
"[571, 798, 1905]",303
"[571, 798, 2452]",312
"[571, 798, 4306]",316
"[571, 798, 2862, 4306]",301
"[571, 798, 2862]",332
"[798, 2782, 3962]",302
"[798, 2452, 3962]",317
"[798, 3962, 4306]",319
"[798, 2862, 3962]",322
"[798, 1905, 3962]",323
"[798, 2452, 2782]",322
"[798, 1905, 2782]",323
"[798, 2782, 4306]",325
"[798, 2782, 2862, 4306]",300
"[798, 2782, 2862]",330
"[798, 2452, 4306]",333
"[798, 2452, 2862, 4306]",312
"[798, 1905, 2452]",345
"[798, 1905, 2452, 2862]",307
"[798, 2452, 2862]",346
"[798, 1905, 4306]",337
"[798, 1905, 2862, 4306]",311
"[798, 2862, 4306]",360
"[798, 1905]",398
"[798, 1905, 2862]",343
"[798, 2862]",404
"[191, 4356]",305
"[1542, 4356]",306
"[3925, 4356]",310
"[607, 4356]",314
"[2152, 4356]",318
"[1798, 4356]",320
"[457, 4356]",323
"[3106, 4356]",325
"[1962, 4306, 4356]",300
"[1905, 1962, 4356]",313
"[1180, 4306, 4356]",305
"[1180, 1905, 4356]",306
"[30, 4306, 4356]",301
"[30, 4356, 4432]",307
"[30, 1905, 4356]",317
"[1220, 4306, 4356]",301
"[1220, 4356, 4432]",305
"[1220, 1905, 4356]",318
"[2372, 4306, 4356]",305
"[2372, 4356, 4432]",307
"[2372, 2452, 4356]",307
"[1905, 2372, 4356]",327
"[3860, 3962, 4356]",301
"[3860, 4356, 4432]",302
"[2452, 3860, 4356]",303
"[3860, 4306, 4356]",306
"[1905, 3860, 4356]",326
"[571, 3962, 4356]",299
"[571, 2862, 4356]",308
"[571, 2452, 4356]",311
"[571, 4306, 4356]",313
"[571, 1905, 4356]",314
"[2782, 3624, 4356]",298
"[2782, 3962, 4356]",309
"[2782, 2862, 4356]",315
"[2452, 2782, 4356]",315
"[1905, 2782, 4356]",326
"[1905, 2782, 4306, 4356]",300
"[2782, 4306, 4356]",329
"[2862, 3938, 4356]",299
"[3624, 3938, 4356]",301
"[3938, 4356, 4432]",303
"[3938, 4306, 4356]",316
"[1905, 3938, 4306, 4356]",301
"[2452, 3938, 4356]",319
"[1905, 2452, 3938, 4356]",301
"[3938, 3962, 4356]",324
"[1905, 3938, 3962, 4356]",308
"[1905, 3938, 4356]",345
"[3624, 3962, 4356]",300
"[2862, 3624, 4356]",302
"[3624, 4356, 4432]",320
"[3624, 4306, 4356]",320
"[1905, 3624, 4306, 4356]",298
"[2452, 3624, 4356]",322
"[1905, 3624, 4356]",337
"[2862, 4356, 4432]",313
"[1905, 2452, 2862, 4356]",298
"[2452, 2862, 4306, 4356]",299
"[1905, 2862, 4356]",341
"[1905, 2862, 4306, 4356]",312
"[2862, 4306, 4356]",344
"[3962, 4356, 4432]",307
"[2862, 3962, 4356]",318
"[1905, 2862, 3962, 4356]",299
"[2452, 3962, 4306, 4356]",301
"[1905, 2452, 3962, 4356]",308
"[3962, 4306, 4356]",336
"[1905, 3962, 4306, 4356]",312
"[1905, 3962, 4356]",353
"[4306, 4356, 4432]",321
"[1905, 4306, 4356, 4432]",300
"[2452, 4356, 4432]",323
"[1905, 2452, 4356, 4432]",299
"[1905, 4356, 4432]",352
"[2452, 4306, 4356]",344
"[1905, 2452, 4306, 4356]",313
"[1905, 2452, 4356]",353
"[4306, 4356]",403
"[1905, 4306, 4356]",361
"[1905, 4356]",424
"[457, 1470]",299
"[1470, 1542]",301
"[1470, 3106]",302
"[1470, 1962]",315
"[1470, 3860]",316
"[1180, 1470]",319
"[1470, 3624]",323
"[1470, 2782]",328
"[30, 1470]",335
"[1470, 2372]",341
"[1470, 1905, 2372]",310
"[1470, 3938, 3962]",299
"[1470, 1905, 3938]",320
"[1470, 2862, 4306]",301
"[1470, 1905, 2862]",310
"[1470, 4432]",362
"[1470, 1905, 4432]",324
"[1470, 3962, 4306]",305
"[1470, 2452, 3962]",307
"[1470, 1905, 3962]",329
"[1470, 2452, 4306]",308
"[1470, 1905, 4306]",325
"[571, 1470, 2452]",307
"[571, 1470, 1905]",315
"[1470, 2452]",379
"[1470, 1905, 2452]",343
"[1470, 1905]",417
"[1542, 3427]",302
"[457, 3427]",304
"[1180, 3427]",305
"[30, 3427]",306
"[1220, 3427]",318
"[571, 3427]",332
"[191, 2452, 3427]",308
"[191, 1905, 3427]",315
"[2372, 2452, 3427]",301
"[1905, 2372, 3427]",319
"[1962, 2452, 3427]",299
"[1905, 1962, 3427]",321
"[2452, 3427, 3624]",306
"[1905, 3427, 3624]",324
"[2452, 3427, 3925]",304
"[1905, 3427, 3925]",323
"[1798, 2452, 3427]",301
"[1798, 1905, 3427]",319
"[607, 2452, 3427]",298
"[607, 1905, 3427]",323
"[3106, 3427]",353
"[1905, 3106, 3427]",316
"[2782, 2862, 3427]",299
"[2862, 3427, 3938]",299
"[2452, 2862, 3427]",313
"[2862, 3427, 4306]",322
"[1905, 2862, 3427]",327
"[2782, 3427, 3938]",304
"[2782, 3427, 3962]",305
"[2782, 3427, 4306]",314
"[2452, 2782, 3427]",322
"[1905, 2782, 3427]",334
"[2152, 3427, 3962]",298
"[2152, 2452, 3427]",305
"[1905, 2152, 3427]",332
"[3427, 3860, 4432]",299
"[3427, 3860, 4306]",303
"[3427, 3860, 3938]",311
"[3427, 3860, 3962]",314
"[2452, 3427, 3860]",317
"[1905, 2452, 3427, 3860]",299
"[1905, 3427, 3860]",344
"[3427, 4306, 4432]",302
"[3427, 3938, 4432]",306
"[3427, 3962, 4432]",309
"[2452, 3427, 4432]",320
"[1905, 2452, 3427, 4432]",298
"[1905, 3427, 4432]",346
"[3427, 3938, 4306]",313
"[1905, 3427, 3938, 4306]",298
"[2452, 3427, 3938, 3962]",304
"[1905, 2452, 3427, 3938]",316
"[3427, 3938, 3962]",339
"[1905, 3427, 3938, 3962]",324
"[1905, 3427, 3938]",365
"[3427, 3962, 4306]",325
"[1905, 3427, 3962, 4306]",303
"[2452, 3427, 4306]",336
"[1905, 2452, 3427, 4306]",310
"[1905, 3427, 4306]",351
"[2452, 3427, 3962]",343
"[1905, 2452, 3427, 3962]",321
"[1905, 3427, 3962]",364
"[2452, 3427]",412
"[1905, 2452, 3427]",374
"[1905, 3427]",447
"[1542, 3925]",302
"[30, 3925]",313
"[1220, 3925]",318
"[3106, 3925]",325
"[1905, 3106, 3925]",301
"[2152, 3925]",333
"[1905, 2152, 3925]",307
"[1180, 2452, 3925]",308
"[1180, 1905, 3925]",308
"[1962, 2452, 3925]",304
"[1905, 1962, 3925]",315
"[457, 2452, 3925]",304
"[457, 1905, 3925]",315
"[1798, 2452, 3925]",311
"[1798, 1905, 3925]",314
"[607, 3925, 3962]",300
"[607, 2452, 3925]",309
"[607, 1905, 3925]",327
"[571, 3925, 3962]",299
"[571, 2862, 3925]",303
"[571, 3925, 4306]",313
"[571, 1905, 3925]",325
"[571, 1905, 2452, 3925]",305
"[571, 2452, 3925]",332
"[2372, 3925, 4432]",311
"[2372, 3925, 3938]",311
"[1905, 2372, 3925, 3938]",299
"[2372, 3925, 3962]",313
"[1905, 2372, 3925, 3962]",300
"[2372, 3925, 4306]",318
"[1905, 2372, 3925, 4306]",303
"[2372, 2452, 3925]",335
"[1905, 2372, 2452, 3925]",322
"[1905, 2372, 3925]",347
"[3624, 3860, 3925]",301
"[2782, 3624, 3925]",306
"[3624, 3925, 3938]",307
"[1905, 3624, 3925, 3938]",298
"[3624, 3925, 3962]",311
"[1905, 3624, 3925, 3962]",299
"[3624, 3925, 4432]",315
"[1905, 3624, 3925, 4432]",302
"[3624, 3925, 4306]",318
"[1905, 3624, 3925, 4306]",303
"[2452, 3624, 3925]",338
"[1905, 2452, 3624, 3925]",321
"[1905, 3624, 3925]",356
"[191, 3860, 3925]",300
"[2782, 3860, 3925]",305
"[3860, 3925, 4432]",314
"[3860, 3925, 3938]",317
"[1905, 3860, 3925, 3938]",303
"[3860, 3925, 3962]",321
"[1905, 3860, 3925, 3962]",305
"[2452, 3860, 3925, 4306]",300
"[1905, 3860, 3925, 4306]",306
"[2452, 3860, 3925]",339
"[1905, 2452, 3860, 3925]",320
"[1905, 3860, 3925]",353
"[191, 2862, 3925]",304
"[2862, 3925, 4432]",307
"[2862, 3925, 3938]",307
"[2452, 2862, 3925, 3962]",299
"[1905, 2862, 3925, 3962]",302
"[2452, 2782, 2862, 3925]",302
"[1905, 2782, 2862, 3925]",303
"[1905, 2862, 3925, 4306]",321
"[1905, 2452, 2862, 3925, 4306]",303
"[2452, 2862, 3925, 4306]",323
"[2452, 2862, 3925]",353
"[1905, 2862, 3925]",353
"[1905, 2452, 2862, 3925]",329
"[2782, 3925, 4432]",303
"[191, 2782, 3925]",304
"[2782, 3925, 3938]",311
"[1905, 2782, 3925, 3938]",301
"[2452, 2782, 3925, 3962]",299
"[1905, 2782, 3925, 3962]",309
"[2452, 2782, 3925, 4306]",315
"[1905, 2452, 2782, 3925, 4306]",300
"[1905, 2782, 3925, 4306]",322
"[2452, 2782, 3925]",346
"[1905, 2452, 2782, 3925]",326
"[1905, 2782, 3925]",359
"[191, 3925, 4432]",309
"[191, 3925, 3938]",311
"[191, 1905, 3925, 3938]",300
"[191, 1905, 3925, 4306]",305
"[191, 2452, 3925, 4306]",311
"[191, 2452, 3925, 3962]",309
"[191, 1905, 3925, 3962]",310
"[191, 2452, 3925]",358
"[191, 1905, 2452, 3925]",335
"[191, 1905, 3925]",360
"[3925, 3938, 4432]",319
"[1905, 3925, 3938, 4432]",306
"[2452, 3925, 3962, 4432]",301
"[1905, 3925, 3962, 4432]",309
"[2452, 3925, 4306, 4432]",309
"[1905, 3925, 4306, 4432]",310
"[2452, 3925, 4432]",352
"[1905, 2452, 3925, 4432]",330
"[1905, 3925, 4432]",363
"[2452, 3925, 3938, 4306]",304
"[1905, 3925, 3938, 4306]",316
"[2452, 3925, 3938, 3962]",317
"[1905, 2452, 3925, 3938, 3962]",303
"[1905, 3925, 3938, 3962]",330
"[2452, 3925, 3938]",354
"[1905, 2452, 3925, 3938]",337
"[1905, 3925, 3938]",376
"[2452, 3925, 3962, 4306]",323
"[1905, 2452, 3925, 3962, 4306]",307
"[1905, 3925, 3962, 4306]",329
"[2452, 3925, 3962]",372
"[1905, 2452, 3925, 3962]",350
"[1905, 3925, 3962]",383
"[2452, 3925, 4306]",380
"[1905, 2452, 3925, 4306]",355
"[1905, 3925, 4306]",384
"[2452, 3925]",447
"[1905, 2452, 3925]",412
"[1905, 3925]",465
"[457, 2152]",307
"[457, 3106]",307
"[457, 1798]",315
"[457, 607]",317
"[30, 457]",327
"[457, 1180]",329
"[457, 1180, 1905]",299
"[457, 1220]",343
"[457, 1220, 1905]",307
"[457, 1962, 4306]",299
"[457, 1962, 2452]",299
"[457, 1905, 1962]",316
"[191, 457, 2452]",316
"[191, 457, 1905]",326
"[457, 2862, 3860]",299
"[457, 3860, 3938]",305
"[457, 3860, 3962]",306
"[457, 3860, 4432]",311
"[457, 2452, 3860]",312
"[457, 3860, 4306]",315
"[457, 1905, 3860]",338
"[457, 2372, 3962]",304
"[457, 2372, 3938]",308
"[457, 2372, 2862]",309
"[457, 2372, 4306]",313
"[457, 2372, 4432]",314
"[457, 2372, 2452]",322
"[457, 1905, 2372, 2452]",302
"[457, 1905, 2372]",341
"[457, 2782, 3624]",299
"[457, 2782, 4432]",303
"[457, 2782, 3938]",307
"[457, 571, 2782]",308
"[457, 2782, 3962]",318
"[457, 1905, 2782, 3962]",298
"[457, 2782, 2862]",321
"[457, 2452, 2782]",330
"[457, 1905, 2452, 2782]",306
"[457, 2782, 4306]",332
"[457, 1905, 2782, 4306]",308
"[457, 1905, 2782]",343
"[457, 2862, 3624]",299
"[457, 3624, 3962]",302
"[457, 3624, 3938]",306
"[457, 3624, 4306]",312
"[457, 3624, 4432]",318
"[457, 1905, 3624, 4432]",298
"[457, 2452, 3624]",321
"[457, 1905, 2452, 3624]",299
"[457, 1905, 3624]",348
"[457, 2862, 3938]",313
"[457, 3938, 4432]",318
"[457, 1905, 3938, 4432]",303
"[457, 3938, 4306]",326
"[457, 1905, 3938, 4306]",311
"[457, 2452, 3938, 3962]",307
"[457, 1905, 3938, 3962]",317
"[457, 2452, 3938]",337
"[457, 1905, 2452, 3938]",318
"[457, 1905, 3938]",364
"[457, 571, 4432]",302
"[457, 571, 3962]",311
"[457, 571, 2862]",332
"[457, 571, 2862, 4306]",301
"[457, 571, 4306]",334
"[457, 571, 1905, 4306]",303
"[457, 571, 2452]",340
"[457, 571, 1905, 2452]",306
"[457, 571, 1905]",341
"[457, 3962, 4432]",318
"[457, 1905, 3962, 4432]",299
"[457, 2862, 4432]",319
"[457, 4306, 4432]",322
"[457, 1905, 4306, 4432]",299
"[457, 2452, 4432]",337
"[457, 1905, 2452, 4432]",312
"[457, 1905, 4432]",360
"[457, 2862, 3962]",325
"[457, 1905, 2862, 3962]",302
"[457, 2452, 3962, 4306]",307
"[457, 1905, 3962, 4306]",318
"[457, 2452, 3962]",353
"[457, 1905, 2452, 3962]",328
"[457, 1905, 3962]",366
"[457, 2452, 2862, 4306]",311
"[457, 1905, 2452, 2862]",320
"[457, 2862, 4306]",354
"[457, 1905, 2862, 4306]",320
"[457, 1905, 2862]",356
"[457, 2452, 4306]",357
"[457, 1905, 2452, 4306]",329
"[457, 1905, 4306]",374
"[457, 2452]",426
"[457, 1905, 2452]",384
"[457, 1905]",455
"[191, 1542]",298
"[1220, 1542]",311
"[1542, 3624]",324
"[1180, 1542]",341
"[1180, 1542, 4306]",307
"[1542, 2372, 4306]",298
"[1542, 1905, 2372]",307
"[1542, 1798]",346
"[1542, 1962]",349
"[1542, 1905, 1962]",307
"[30, 1542]",352
"[30, 1542, 1905]",305
"[607, 1542, 4306]",301
"[607, 1542, 1905]",307
"[607, 1542, 3106]",307
"[1542, 3106, 3860]",298
"[1542, 3860, 3938]",302
"[1542, 3860, 3962]",310
"[1542, 3860, 4306]",311
"[1542, 1905, 3860]",324
"[1542, 2452, 4432]",305
"[1542, 4306, 4432]",307
"[1542, 1905, 4432]",326
"[1542, 2152, 3962]",306
"[1542, 2152, 4306]",309
"[1542, 1905, 2152]",313
"[1542, 2152, 3106]",313
"[1542, 2782, 3106]",302
"[1542, 2782, 2862]",304
"[1542, 2782, 3962]",309
"[1542, 2452, 2782]",311
"[1542, 1905, 2782]",321
"[1542, 2782, 4306]",327
"[571, 1542, 3962]",298
"[571, 1542, 2452]",304
"[571, 1542, 3106]",305
"[571, 1542, 2862]",309
"[571, 1542, 1905]",315
"[571, 1542, 4306]",328
"[1542, 3106, 3938]",309
"[1542, 2452, 3938]",316
"[1542, 1905, 2452, 3938]",300
"[1542, 3938, 3962, 4306]",298
"[1542, 1905, 3938, 4306]",299
"[1542, 3938, 3962]",344
"[1542, 1905, 3938, 3962]",318
"[1542, 1905, 3938]",352
"[1542, 2862, 3962]",312
"[1542, 2452, 2862]",315
"[1542, 2862, 3106]",324
"[1542, 2862, 3106, 4306]",298
"[1542, 1905, 2862]",332
"[1542, 1905, 2862, 4306]",306
"[1542, 2862, 4306]",352
"[1542, 2452, 3106]",317
"[1542, 2452, 3962, 4306]",298
"[1542, 1905, 2452, 3962]",310
"[1542, 2452, 4306]",343
"[1542, 1905, 2452, 4306]",314
"[1542, 1905, 2452]",358
"[1542, 3106, 3962]",324
"[1542, 3962, 4306]",348
"[1542, 1905, 3962, 4306]",317
"[1542, 1905, 3962]",361
"[1542, 1905, 3106]",341
"[1542, 3106, 4306]",346
"[1542, 4306]",428
"[1542, 1905, 4306]",365
"[1542, 1905]",433
"[30, 191]",314
"[191, 1220]",327
"[191, 1220, 1905]",303
"[191, 2152, 2452]",301
"[191, 1905, 2152]",306
"[191, 2452, 3106]",305
"[191, 1905, 3106]",309
"[191, 1180, 3962]",301
"[191, 1180, 4306]",307
"[191, 1180, 1905]",316
"[191, 1180, 1905, 2452]",298
"[191, 1180, 2452]",320
"[191, 607, 3962]",302
"[191, 607, 2452]",310
"[191, 607, 1905]",320
"[191, 1798, 4306]",300
"[191, 1798, 1905]",321
"[191, 1798, 1905, 2452]",303
"[191, 1798, 2452]",326
"[191, 1962, 3938]",302
"[191, 1962, 3962]",308
"[191, 1962, 2452]",317
"[191, 1905, 1962, 2452]",300
"[191, 1905, 1962]",325
"[191, 2372, 4432]",300
"[191, 2372, 3938]",309
"[191, 2372, 2452, 4306]",298
"[191, 1905, 2372, 4306]",299
"[191, 2372, 2452, 3962]",300
"[191, 1905, 2372, 3962]",306
"[191, 2372, 2452]",334
"[191, 1905, 2372, 2452]",321
"[191, 1905, 2372]",345
"[191, 571, 2862]",308
"[191, 571, 2452, 2862]",298
"[191, 571, 3962]",311
"[191, 571, 4306]",320
"[191, 571, 2452, 4306]",307
"[191, 571, 1905]",332
"[191, 571, 1905, 2452]",316
"[191, 571, 2452]",345
"[191, 2782, 3624]",301
"[191, 3624, 3860]",301
"[191, 3624, 3938]",306
"[191, 1905, 3624, 3938]",299
"[191, 3624, 4432]",308
"[191, 3624, 4306]",309
"[191, 1905, 3624, 4306]",298
"[191, 3624, 3962]",314
"[191, 1905, 3624, 3962]",304
"[191, 2452, 3624]",338
"[191, 1905, 2452, 3624]",322
"[191, 1905, 3624]",354
"[191, 2782, 3860]",306
"[191, 2782, 3938]",315
"[191, 1905, 2782, 3938]",306
"[191, 1905, 2782, 2862]",298
"[191, 2782, 2862, 4306]",300
"[191, 2452, 2782, 2862]",305
"[191, 2782, 3962, 4306]",310
"[191, 2452, 2782, 3962]",314
"[191, 1905, 2452, 2782, 3962]",299
"[191, 1905, 2782, 3962]",320
"[191, 2452, 2782, 4306]",323
"[191, 1905, 2782, 4306]",323
"[191, 1905, 2452, 2782, 4306]",303
"[191, 2452, 2782]",355
"[191, 1905, 2452, 2782]",331
"[191, 1905, 2782]",360
"[191, 2862, 3860]",298
"[191, 3860, 4432]",319
"[191, 1905, 3860, 4432]",301
"[191, 2452, 3860, 3938]",299
"[191, 1905, 3860, 3938]",316
"[191, 3860, 3962, 4306]",298
"[191, 2452, 3860, 3962]",309
"[191, 1905, 3860, 3962]",315
"[191, 2452, 3860, 4306]",313
"[191, 1905, 3860, 4306]",314
"[191, 2452, 3860]",350
"[191, 1905, 2452, 3860]",330
"[191, 1905, 3860]",363
"[191, 2452, 2862, 3938]",299
"[191, 1905, 2862, 3938]",300
"[191, 2862, 3962, 4306]",310
"[191, 1905, 2862, 3962]",311
"[191, 1905, 2452, 2862, 3962]",298
"[191, 2452, 2862, 3962]",317
"[191, 1905, 2862, 4306]",325
"[191, 1905, 2452, 2862, 4306]",311
"[191, 2452, 2862, 4306]",337
"[191, 1905, 2862]",357
"[191, 1905, 2452, 2862]",340
"[191, 2452, 2862]",370
"[191, 2452, 3938, 4432]",298
"[191, 1905, 3938, 4432]",311
"[191, 1905, 4306, 4432]",311
"[191, 2452, 4306, 4432]",313
"[191, 2452, 3962, 4432]",310
"[191, 1905, 2452, 3962, 4432]",298
"[191, 1905, 3962, 4432]",318
"[191, 2452, 4432]",359
"[191, 1905, 2452, 4432]",336
"[191, 1905, 4432]",365
"[191, 3938, 3962, 4306]",316
"[191, 1905, 3938, 3962, 4306]",304
"[191, 2452, 3938, 4306]",322
"[191, 1905, 2452, 3938, 4306]",309
"[191, 1905, 3938, 4306]",330
"[191, 2452, 3938, 3962]",333
"[191, 1905, 2452, 3938, 3962]",321
"[191, 1905, 3938, 3962]",345
"[191, 2452, 3938]",371
"[191, 1905, 2452, 3938]",355
"[191, 1905, 3938]",391
"[191, 2452, 3962, 4306]",349
"[191, 1905, 2452, 3962, 4306]",329
"[191, 1905, 3962, 4306]",350
"[191, 1905, 4306]",395
"[191, 1905, 2452, 4306]",369
"[191, 2452, 4306]",399
"[191, 2452, 3962]",394
"[191, 1905, 2452, 3962]",371
"[191, 1905, 3962]",402
"[191, 2452]",470
"[191, 1905, 2452]",432
"[191, 1905]",481
"[607, 1220]",328
"[30, 607]",341
"[30, 607, 1905]",306
"[607, 1180, 1905]",306
"[607, 1180, 4306]",308
"[607, 3624, 4432]",302
"[607, 3624, 3962]",303
"[607, 2782, 3624]",306
"[607, 3624, 4306]",307
"[607, 2452, 3624]",315
"[607, 1905, 3624]",334
"[607, 1962, 2452]",300
"[607, 1962, 3938]",303
"[607, 1962, 3962]",308
"[607, 1962, 4306]",309
"[607, 1962, 3860]",312
"[607, 1905, 1962]",332
"[607, 2372, 2862]",298
"[607, 2372, 2782]",298
"[607, 2372, 3938]",306
"[607, 2372, 3962]",311
"[607, 1905, 2372, 3962]",299
"[607, 2372, 4432]",314
"[607, 2372, 2452]",315
"[607, 1905, 2372, 2452]",302
"[607, 2372, 4306]",316
"[607, 1905, 2372]",337
"[571, 607, 2782]",301
"[571, 607, 3962]",301
"[571, 607, 2452]",315
"[571, 607, 2862]",317
"[571, 607, 1905]",321
"[571, 607, 4306]",324
"[607, 1798, 4432]",305
"[607, 1798, 3962]",305
"[607, 1798, 2862]",308
"[607, 1798, 2782]",308
"[607, 1798, 4306]",315
"[607, 1798, 2452]",317
"[607, 1798, 1905]",338
"[607, 2152, 4432]",299
"[607, 2152, 2782]",302
"[607, 2152, 2452]",306
"[607, 2152, 3938]",307
"[607, 2152, 3106]",308
"[607, 2152, 3962]",312
"[607, 2152, 4306]",313
"[607, 2152, 3860]",313
"[607, 1905, 2152]",339
"[607, 3106, 3860]",298
"[607, 3106, 3938]",298
"[607, 2782, 3106]",306
"[607, 3106, 3962]",309
"[607, 2452, 3106]",309
"[607, 2862, 3106]",312
"[607, 3106, 4306]",324
"[607, 1905, 3106]",332
"[607, 2862, 3860]",311
"[607, 3860, 4432]",318
"[607, 2782, 3860]",318
"[607, 3860, 3938]",321
"[607, 1905, 3860, 3938]",307
"[607, 2452, 3860]",327
"[607, 1905, 2452, 3860]",306
"[607, 3860, 3962]",329
"[607, 1905, 3860, 3962]",309
"[607, 3860, 4306]",329
"[607, 1905, 3860, 4306]",299
"[607, 1905, 3860]",356
"[607, 2782, 4432]",315
"[607, 3938, 4432]",317
"[607, 1905, 3938, 4432]",305
"[607, 2862, 4432]",319
"[607, 3962, 4432]",323
"[607, 1905, 3962, 4432]",310
"[607, 4306, 4432]",327
"[607, 1905, 4306, 4432]",302
"[607, 2452, 4432]",333
"[607, 1905, 2452, 4432]",311
"[607, 1905, 4432]",361
"[607, 2862, 3938]",311
"[607, 2782, 3938]",316
"[607, 1905, 2782, 3938]",300
"[607, 3938, 3962, 4306]",310
"[607, 1905, 3938, 4306]",316
"[607, 2452, 3938, 3962]",313
"[607, 1905, 2452, 3938, 3962]",301
"[607, 1905, 2452, 3938]",323
"[607, 3938, 3962]",358
"[607, 1905, 3938, 3962]",340
"[607, 1905, 3938]",376
"[607, 2862, 3962, 4306]",308
"[607, 1905, 2862, 3962]",310
"[607, 1905, 2782, 2862]",301
"[607, 2782, 2862, 4306]",312
"[607, 2452, 2782, 2862]",299
"[607, 1905, 2452, 2862]",311
"[607, 2452, 2862, 4306]",315
"[607, 1905, 2862]",350
"[607, 1905, 2862, 4306]",322
"[607, 2862, 4306]",365
"[607, 2782, 3962, 4306]",301
"[607, 1905, 2782, 3962]",307
"[607, 1905, 2452, 2782]",308
"[607, 2452, 2782, 4306]",312
"[607, 1905, 2782]",354
"[607, 1905, 2782, 4306]",317
"[607, 2782, 4306]",356
"[607, 2452, 3962, 4306]",315
"[607, 1905, 2452, 3962, 4306]",298
"[607, 1905, 2452, 3962]",333
"[607, 3962, 4306]",356
"[607, 1905, 3962, 4306]",331
"[607, 1905, 3962]",382
"[607, 2452, 4306]",359
"[607, 1905, 2452, 4306]",328
"[607, 1905, 2452]",380
"[607, 4306]",430
"[607, 1905, 4306]",374
"[607, 1905]",458
"[1220, 1798]",330
"[1180, 1220]",341
"[1180, 1220, 4306]",298
"[571, 1220]",345
"[1220, 1905, 3106]",301
"[1220, 3106, 4306]",303
"[1220, 2152, 4306]",298
"[1220, 2152, 4432]",303
"[1220, 2152, 3860]",304
"[1220, 1905, 2152]",312
"[1220, 2372, 2782]",298
"[1220, 2782, 3624]",301
"[1220, 2782, 3962]",301
"[1220, 2782, 3938]",301
"[1220, 2782, 2862]",303
"[1220, 2782, 3860]",304
"[1220, 2782, 4432]",304
"[1220, 2452, 2782]",309
"[1220, 2782, 4306]",327
"[1220, 1905, 2782]",328
"[30, 1220, 1962]",299
"[30, 1220, 2372]",302
"[30, 1220, 3938]",303
"[30, 1220, 4306]",303
"[30, 1220, 4432]",319
"[30, 1220, 1905]",327
"[1220, 2862, 3860]",301
"[1220, 2372, 2862]",302
"[1220, 2862, 3962]",307
"[1220, 2452, 2862]",308
"[1220, 2862, 3938]",309
"[1220, 2862, 4432]",317
"[1220, 1905, 2862]",333
"[1220, 1905, 2862, 4306]",300
"[1220, 2862, 4306]",336
"[1220, 1962, 2452]",303
"[1220, 1962, 2372]",307
"[1220, 1962, 3962]",312
"[1220, 1962, 3938]",320
"[1220, 1905, 1962, 3938]",299
"[1220, 1962, 4432]",321
"[1220, 1962, 4306]",325
"[1220, 1962, 3860]",327
"[1220, 1905, 1962]",340
"[1220, 3624, 3962]",306
"[1220, 3624, 3860]",312
"[1220, 2372, 3624]",314
"[1220, 3624, 4306]",318
"[1220, 3624, 3938]",323
"[1220, 1905, 3624, 3938]",310
"[1220, 2452, 3624]",324
"[1220, 1905, 2452, 3624]",299
"[1220, 3624, 4432]",333
"[1220, 1905, 3624, 4432]",310
"[1220, 1905, 3624]",358
"[1220, 2372, 2452]",320
"[1220, 1905, 2372, 2452]",303
"[1220, 2372, 3860]",323
"[1220, 2372, 3938]",327
"[1220, 1905, 2372, 3938]",303
"[1220, 2372, 4306]",327
"[1220, 2372, 4432]",345
"[1220, 1905, 2372, 4432]",311
"[1220, 1905, 2372]",354
"[1220, 2372, 3962]",311
"[1220, 3962, 4432]",324
"[1220, 1905, 3962, 4432]",304
"[1220, 3860, 3962]",330
"[1220, 1905, 3860, 3962]",304
"[1220, 2452, 3938, 3962]",299
"[1220, 1905, 2452, 3962]",311
"[1220, 3962, 4306]",336
"[1220, 1905, 3962, 4306]",308
"[1220, 3938, 3962]",346
"[1220, 1905, 3938, 3962]",324
"[1220, 1905, 3962]",363
"[1220, 2452, 3860]",323
"[1220, 1905, 2452, 3860]",303
"[1220, 3860, 4306]",332
"[1220, 1905, 3860, 4306]",303
"[1220, 3860, 3938]",337
"[1220, 1905, 3860, 3938]",315
"[1220, 3860, 4432]",342
"[1220, 1905, 3860, 4432]",311
"[1220, 1905, 3860]",358
"[1220, 2452, 3938]",331
"[1220, 1905, 2452, 3938]",312
"[1220, 2452, 4432]",337
"[1220, 1905, 2452, 4432]",311
"[1220, 2452, 4306]",338
"[1220, 1905, 2452, 4306]",307
"[1220, 1905, 2452]",363
"[1220, 3938, 4306]",334
"[1220, 1905, 3938, 4306]",311
"[1220, 3938, 4432]",335
"[1220, 1905, 3938, 4432]",314
"[1220, 1905, 3938]",374
"[1220, 4306, 4432]",335
"[1220, 1905, 4306, 4432]",304
"[1220, 1905, 4306]",364
"[1220, 4432]",427
"[1220, 1905, 4432]",375
"[1220, 1905]",454
"[30, 1798]",343
"[30, 1798, 1905]",304
"[30, 2782, 3962]",298
"[30, 2782, 2862]",300
"[30, 2782, 4306]",317
"[30, 1905, 2782]",318
"[30, 3106, 3962]",301
"[30, 3106, 4306]",314
"[30, 1905, 3106]",318
"[30, 571, 4306]",311
"[30, 571, 1905]",311
"[30, 1180, 3962]",305
"[30, 1180, 1905]",320
"[30, 1180, 4306]",322
"[30, 2152, 2452]",298
"[30, 2152, 3860]",302
"[30, 2152, 3938]",302
"[30, 1962, 2152]",308
"[30, 2152, 4432]",309
"[30, 2152, 3962]",311
"[30, 2152, 4306]",314
"[30, 1905, 2152]",334
"[30, 1962, 2862]",299
"[30, 2372, 2862]",301
"[30, 2862, 3860]",301
"[30, 2452, 2862]",311
"[30, 2862, 3938]",312
"[30, 1905, 2862, 3938]",298
"[30, 2862, 3962]",322
"[30, 1905, 2862, 3962]",300
"[30, 2862, 4432]",322
"[30, 1905, 2862, 4432]",298
"[30, 2862, 4306]",344
"[30, 1905, 2862]",344
"[30, 1905, 2862, 4306]",310
"[30, 3624, 3860]",301
"[30, 2372, 3624]",305
"[30, 3624, 3962]",308
"[30, 3624, 3938]",311
"[30, 1905, 3624, 3938]",299
"[30, 2452, 3624]",318
"[30, 3624, 4306]",322
"[30, 1905, 3624, 4306]",300
"[30, 3624, 4432]",333
"[30, 1905, 3624, 4432]",311
"[30, 1905, 3624]",354
"[30, 1962, 2372]",306
"[30, 2372, 3860]",310
"[30, 2372, 3962]",318
"[30, 1905, 2372, 3962]",298
"[30, 2372, 2452]",318
"[30, 1905, 2372, 2452]",302
"[30, 2372, 3938]",324
"[30, 1905, 2372, 3938]",307
"[30, 2372, 4306]",325
"[30, 1905, 2372, 4306]",300
"[30, 2372, 4432]",336
"[30, 1905, 2372, 4432]",311
"[30, 1905, 2372]",356
"[30, 2452, 3860]",316
"[30, 1962, 3860]",325
"[30, 3860, 4306]",331
"[30, 1905, 3860, 4306]",303
"[30, 3860, 3938, 3962]",303
"[30, 1905, 3860, 3938]",313
"[30, 3860, 4432]",333
"[30, 1905, 3860, 4432]",308
"[30, 3860, 3962]",337
"[30, 1905, 3860, 3962]",309
"[30, 1905, 3860]",359
"[30, 1962, 2452]",309
"[30, 1962, 3938]",321
"[30, 1905, 1962, 3938]",301
"[30, 1962, 3962]",331
"[30, 1905, 1962, 3962]",303
"[30, 1962, 4432]",332
"[30, 1905, 1962, 4432]",308
"[30, 1962, 4306]",335
"[30, 1905, 1962, 4306]",302
"[30, 1905, 1962]",353
"[30, 2452, 3938, 3962]",306
"[30, 1905, 2452, 3938]",317
"[30, 2452, 3962, 4306]",304
"[30, 1905, 2452, 3962]",319
"[30, 2452, 4432]",346
"[30, 1905, 2452, 4432]",325
"[30, 2452, 4306]",346
"[30, 1905, 2452, 4306]",320
"[30, 1905, 2452]",369
"[30, 3938, 4432]",336
"[30, 1905, 3938, 4432]",325
"[30, 3938, 3962, 4306]",312
"[30, 1905, 3938, 4306]",320
"[30, 3938, 3962]",363
"[30, 1905, 3938, 3962]",339
"[30, 1905, 3938]",385
"[30, 3962, 4432]",338
"[30, 1905, 3962, 4432]",319
"[30, 3962, 4306]",357
"[30, 1905, 3962, 4306]",327
"[30, 1905, 3962]",380
"[30, 4306, 4432]",344
"[30, 1905, 4306, 4432]",319
"[30, 1905, 4432]",387
"[30, 4306]",430
"[30, 1905, 4306]",379
"[30, 1905]",466
"[1180, 1905, 1962]",308
"[1180, 1962, 4306]",310
"[1180, 2152, 4306]",303
"[1180, 1905, 2152]",309
"[1180, 2452, 3106]",299
"[1180, 2862, 3106]",304
"[1180, 3106, 3962]",305
"[1180, 1905, 3106]",315
"[1180, 3106, 4306]",327
"[1180, 3624, 3938]",301
"[1180, 3624, 4432]",306
"[1180, 2862, 3624]",311
"[1180, 2782, 3624]",311
"[1180, 3624, 3962]",314
"[1180, 2452, 3624]",326
"[1180, 3624, 4306]",335
"[1180, 1905, 3624, 4306]",309
"[1180, 1905, 3624]",339
"[1180, 2372, 2782]",300
"[1180, 2372, 3938]",311
"[1180, 2372, 2862]",311
"[1180, 2372, 4432]",312
"[1180, 2372, 3962]",316
"[1180, 2372, 2452]",322
"[1180, 1905, 2372, 2452]",301
"[1180, 2372, 4306]",330
"[1180, 1905, 2372, 4306]",300
"[1180, 1905, 2372]",337
"[1180, 2782, 3860]",303
"[1180, 3860, 4432]",307
"[1180, 2862, 3860]",313
"[1180, 3860, 3938]",317
"[1180, 2452, 3860]",326
"[1180, 1905, 2452, 3860]",300
"[1180, 3860, 3962]",328
"[1180, 1905, 3860, 3962]",302
"[1180, 1905, 3860]",341
"[1180, 3860, 4306]",341
"[1180, 1905, 3860, 4306]",308
"[1180, 2782, 4432]",306
"[571, 1180, 4432]",309
"[1180, 3938, 4432]",312
"[1180, 1905, 3938, 4432]",298
"[1180, 2862, 4432]",318
"[1180, 3962, 4432]",323
"[1180, 1905, 3962, 4432]",304
"[1180, 2452, 4432]",332
"[1180, 1905, 2452, 4432]",304
"[1180, 4306, 4432]",342
"[1180, 1905, 4306, 4432]",310
"[1180, 1905, 4432]",350
"[571, 1180, 3938]",307
"[1180, 2782, 3938]",315
"[1180, 2862, 3938, 4306]",299
"[1180, 1905, 2862, 3938]",307
"[1180, 2452, 3938, 4306]",301
"[1180, 2452, 3938, 3962]",309
"[1180, 1905, 2452, 3938]",320
"[1180, 3938, 3962, 4306]",314
"[1180, 1905, 3938, 4306]",328
"[1180, 3938, 3962]",356
"[1180, 1905, 3938, 3962]",334
"[1180, 1905, 3938]",373
"[571, 1180, 2782, 2862]",299
"[571, 1180, 2782, 4306]",301
"[1180, 2452, 2782, 3962]",302
"[1180, 2782, 3962, 4306]",306
"[1180, 1905, 2782, 3962]",308
"[1180, 1905, 2782, 2862]",307
"[1180, 2452, 2782, 2862]",309
"[1180, 2782, 2862, 4306]",318
"[1180, 1905, 2452, 2782]",311
"[1180, 2452, 2782, 4306]",318
"[1180, 1905, 2782]",357
"[1180, 1905, 2782, 4306]",323
"[1180, 2782, 4306]",367
"[571, 1180, 2862, 3962]",298
"[571, 1180, 3962, 4306]",299
"[571, 1180, 1905, 3962]",304
"[571, 1180, 2452, 2862]",305
"[571, 1180, 1905, 2452]",306
"[571, 1180, 2452, 4306]",306
"[571, 1180, 1905, 2862]",310
"[571, 1180, 1905, 4306]",313
"[571, 1180, 2862]",358
"[571, 1180, 2862, 4306]",323
"[571, 1180, 4306]",361
"[1180, 2452, 2862, 3962]",311
"[1180, 2862, 3962, 4306]",317
"[1180, 1905, 2862, 3962]",319
"[1180, 1905, 2452, 2862]",327
"[1180, 1905, 2452, 2862, 4306]",298
"[1180, 2452, 2862, 4306]",328
"[1180, 1905, 2862]",371
"[1180, 1905, 2862, 4306]",335
"[1180, 2862, 4306]",382
"[1180, 2452, 3962, 4306]",325
"[1180, 1905, 2452, 3962, 4306]",299
"[1180, 1905, 2452, 3962]",335
"[1180, 3962, 4306]",374
"[1180, 1905, 3962, 4306]",338
"[1180, 1905, 3962]",386
"[1180, 2452, 4306]",378
"[1180, 1905, 2452, 4306]",338
"[1180, 1905, 2452]",386
"[1180, 1905]",461
"[1180, 1905, 4306]",397
"[1180, 4306]",462
"[1798, 2372, 2862]",298
"[1798, 2372, 2782]",299
"[1798, 2372, 4432]",307
"[1798, 2372, 4306]",309
"[1798, 2372, 2452]",323
"[1798, 1905, 2372, 2452]",304
"[1798, 1905, 2372]",331
"[1798, 1962, 3860]",298
"[1798, 1962, 4306]",299
"[1798, 1962, 4432]",301
"[1798, 1962, 3962]",306
"[1798, 1962, 2452]",312
"[1798, 1905, 1962]",331
"[1798, 2152, 2452]",304
"[1798, 1905, 2152]",325
"[571, 1798, 2782]",299
"[571, 1798, 2862]",312
"[571, 1798, 4306]",315
"[571, 1798, 1905]",319
"[571, 1798, 2452]",322
"[1798, 2862, 3106]",306
"[1798, 2452, 3106]",307
"[1798, 3106, 4306]",318
"[1798, 1905, 3106]",323
"[1798, 2782, 3860]",303
"[1798, 3860, 3938]",303
"[1798, 3860, 4306]",306
"[1798, 3860, 4432]",310
"[1798, 3860, 3962]",312
"[1798, 2452, 3860]",321
"[1798, 1905, 3860]",342
"[1798, 3624, 3938]",298
"[1798, 2862, 3624]",303
"[1798, 3624, 3962]",305
"[1798, 3624, 4306]",314
"[1798, 3624, 4432]",316
"[1798, 2782, 3624]",325
"[1798, 1905, 2782, 3624]",298
"[1798, 2452, 3624]",334
"[1798, 1905, 2452, 3624]",306
"[1798, 1905, 3624]",345
"[1798, 2862, 3938]",312
"[1798, 3938, 4432]",313
"[1798, 1905, 3938, 4432]",301
"[1798, 2782, 3938]",319
"[1798, 1905, 2782, 3938]",302
"[1798, 3938, 4306]",320
"[1798, 1905, 3938, 4306]",305
"[1798, 2452, 3938, 3962]",306
"[1798, 1905, 2452, 3938]",321
"[1798, 3938, 3962]",342
"[1798, 1905, 3938, 3962]",324
"[1798, 1905, 3938]",365
"[1798, 2782, 4432]",318
"[1798, 2862, 4432]",320
"[1798, 3962, 4432]",322
"[1798, 1905, 3962, 4432]",304
"[1798, 4306, 4432]",327
"[1798, 1905, 4306, 4432]",298
"[1798, 2452, 4432]",347
"[1798, 1905, 2452, 4432]",317
"[1798, 1905, 4432]",367
"[1798, 2452, 2782, 2862]",306
"[1798, 1905, 2782, 2862]",306
"[1798, 2782, 2862, 4306]",310
"[1798, 2452, 2782, 4306]",314
"[1798, 1905, 2782, 4306]",314
"[1798, 2452, 2782]",360
"[1798, 1905, 2452, 2782]",317
"[1798, 1905, 2782]",362
"[1798, 2862, 3962]",325
"[1798, 1905, 2862, 3962]",300
"[1798, 2452, 2782, 3962]",299
"[1798, 1905, 2782, 3962]",304
"[1798, 2452, 3962, 4306]",305
"[1798, 1905, 3962, 4306]",314
"[1798, 2452, 3962]",358
"[1798, 1905, 2452, 3962]",328
"[1798, 1905, 3962]",373
"[1798, 2452, 2862, 4306]",317
"[1798, 1905, 2452, 2862]",318
"[1798, 1905, 2862]",360
"[1798, 1905, 2862, 4306]",321
"[1798, 2862, 4306]",362
"[1798, 2452, 4306]",366
"[1798, 1905, 2452, 4306]",327
"[1798, 1905, 4306]",373
"[1798, 2452]",449
"[1798, 1905, 2452]",394
"[1798, 1905]",464
"[2152, 3624, 3938]",298
"[2152, 3624, 3860]",298
"[2152, 3624, 3962]",299
"[2152, 3624, 4432]",303
"[2152, 3624, 4306]",303
"[2152, 2452, 3624]",310
"[1905, 2152, 3624]",337
"[2152, 2372, 2452]",302
"[2152, 2372, 3860]",304
"[2152, 2372, 3938]",307
"[2152, 2372, 3962]",307
"[2152, 2372, 4306]",308
"[2152, 2372, 4432]",310
"[1905, 2152, 2372]",331
"[571, 2152, 2452]",298
"[571, 2152, 4306]",308
"[571, 1905, 2152]",316
"[1962, 2152, 2782]",298
"[2152, 2782, 4432]",304
"[2152, 2782, 3106]",305
"[2152, 2782, 2862]",312
"[2152, 2782, 3938]",315
"[1905, 2152, 2782, 3938]",299
"[2152, 2782, 3860]",324
"[1905, 2152, 2782, 3860]",299
"[2152, 2452, 2782]",324
"[2152, 2782, 3962]",326
"[1905, 2152, 2782, 3962]",303
"[2152, 2782, 4306]",334
"[1905, 2152, 2782, 4306]",304
"[1905, 2152, 2782]",345
"[1962, 2152, 2862]",298
"[2152, 2862, 3938]",307
"[2152, 2862, 4432]",310
"[2152, 2862, 3860]",313
"[2152, 2862, 3106]",316
"[2152, 2452, 2862]",320
"[2152, 2862, 3962]",321
"[1905, 2152, 2862]",340
"[1905, 2152, 2862, 4306]",310
"[2152, 2862, 4306]",350
"[1962, 2152, 3106]",301
"[1962, 2152, 2452]",317
"[1962, 2152, 4432]",318
"[1962, 2152, 4306]",324
"[1962, 2152, 3938, 3962]",298
"[1905, 1962, 2152, 3938]",305
"[1962, 2152, 3962]",330
"[1905, 1962, 2152, 3962]",304
"[1962, 2152, 3860]",331
"[1905, 1962, 2152, 3860]",302
"[1905, 1962, 2152]",352
"[2152, 2452, 3106]",306
"[2152, 3106, 3938]",308
"[2152, 3106, 4432]",314
"[2152, 3106, 3860]",318
"[2152, 3106, 3962]",326
"[2152, 3106, 4306]",337
"[1905, 2152, 3106]",344
"[2152, 3938, 4432]",327
"[1905, 2152, 3938, 4432]",311
"[2152, 2452, 3938, 3962]",308
"[1905, 2152, 2452, 3938]",314
"[2152, 3938, 3962, 4306]",314
"[1905, 2152, 3938, 3962, 4306]",298
"[1905, 2152, 3938, 4306]",317
"[2152, 3860, 3938, 3962]",315
"[1905, 2152, 3860, 3938]",322
"[2152, 3938, 3962]",365
"[1905, 2152, 3938, 3962]",342
"[1905, 2152, 3938]",377
"[2152, 3962, 4432]",329
"[1905, 2152, 3962, 4432]",311
"[2152, 3860, 4432]",330
"[1905, 2152, 3860, 4432]",305
"[2152, 2452, 4432]",331
"[1905, 2152, 2452, 4432]",313
"[2152, 4306, 4432]",333
"[1905, 2152, 4306, 4432]",306
"[1905, 2152, 4432]",368
"[2152, 2452, 3860]",335
"[1905, 2152, 2452, 3860]",315
"[2152, 2452, 3962, 4306]",304
"[1905, 2152, 2452, 4306]",321
"[2152, 2452, 3962]",348
"[1905, 2152, 2452, 3962]",324
"[1905, 2152, 2452]",377
"[2152, 3860, 3962, 4306]",302
"[1905, 2152, 3860, 4306]",314
"[2152, 3860, 3962]",355
"[1905, 2152, 3860, 3962]",325
"[1905, 2152, 3860]",375
"[2152, 3962, 4306]",358
"[1905, 2152, 3962, 4306]",329
"[1905, 2152, 3962]",385
"[2152, 4306]",432
"[1905, 2152, 4306]",376
"[1905, 2152]",462
"[3106, 3624, 4432]",299
"[2452, 3106, 3624]",299
"[3106, 3624, 4306]",305
"[1905, 3106, 3624]",322
"[2372, 2452, 3106]",298
"[2372, 3106, 3962]",298
"[2372, 3106, 4432]",299
"[2372, 3106, 4306]",312
"[1905, 2372, 3106]",324
"[1962, 3106, 4432]",298
"[1962, 3106, 3938]",302
"[1962, 3106, 3962]",307
"[1962, 3106, 3860]",309
"[1962, 3106, 4306]",318
"[1905, 1962, 3106]",330
"[571, 2782, 3106]",298
"[571, 3106, 3962]",311
"[571, 2452, 3106]",315
"[571, 1905, 3106]",326
"[571, 2862, 3106]",332
"[571, 2862, 3106, 4306]",303
"[571, 3106, 4306]",340
"[2782, 3106, 3860]",305
"[3106, 3860, 4432]",310
"[2452, 3106, 3860]",315
"[2862, 3106, 3860]",316
"[3106, 3860, 3938]",320
"[1905, 3106, 3860, 3938]",300
"[3106, 3860, 3962, 4306]",298
"[1905, 3106, 3860, 3962]",302
"[3106, 3860, 4306]",342
"[1905, 3106, 3860, 4306]",304
"[1905, 3106, 3860]",352
"[2782, 3106, 4432]",301
"[2782, 3106, 3938]",308
"[2782, 3106, 3962]",326
"[2452, 2782, 3106]",330
"[2452, 2782, 3106, 4306]",302
"[2782, 2862, 3106]",331
"[2782, 2862, 3106, 4306]",306
"[1905, 2782, 3106]",344
"[1905, 2782, 3106, 4306]",309
"[2782, 3106, 4306]",354
"[3106, 3938, 4432]",309
"[2862, 3106, 4432]",315
"[3106, 3962, 4432]",319
"[1905, 3106, 3962, 4432]",300
"[2452, 3106, 4432]",326
"[1905, 2452, 3106, 4432]",300
"[3106, 4306, 4432]",333
"[1905, 3106, 4306, 4432]",298
"[1905, 3106, 4432]",353
"[2862, 3106, 3938]",317
"[2452, 3106, 3938]",329
"[1905, 2452, 3106, 3938]",312
"[3106, 3938, 3962, 4306]",313
"[1905, 3106, 3938, 4306]",317
"[3106, 3938, 3962]",353
"[1905, 3106, 3938, 3962]",327
"[1905, 3106, 3938]",371
"[2452, 3106, 3962, 4306]",313
"[1905, 2452, 3106, 3962]",316
"[1905, 2452, 2862, 3106]",309
"[2452, 2862, 3106, 4306]",320
"[2452, 3106, 4306]",366
"[1905, 2452, 3106, 4306]",326
"[1905, 2452, 3106]",372
"[1905, 2862, 3106, 3962]",308
"[2862, 3106, 3962, 4306]",317
"[3106, 3962, 4306]",376
"[1905, 3106, 3962, 4306]",337
"[1905, 3106, 3962]",381
"[1905, 2862, 3106]",358
"[1905, 2862, 3106, 4306]",326
"[2862, 3106, 4306]",385
"[3106, 4306]",462
"[1905, 3106, 4306]",389
"[1905, 3106]",463
"[571, 1962, 2862]",304
"[571, 1962, 2452]",311
"[571, 1962, 3962]",314
"[571, 1962, 4306]",320
"[571, 1905, 1962]",331
"[1962, 2372, 3624]",301
"[1962, 2782, 3624]",305
"[1962, 3624, 3962]",315
"[1905, 1962, 3624, 3962]",298
"[1962, 3624, 3938]",319
"[1905, 1962, 3624, 3938]",304
"[1962, 3624, 4306]",320
"[1905, 1962, 3624, 4306]",298
"[1962, 3624, 3860]",323
"[1905, 1962, 3624, 3860]",303
"[1962, 3624, 4432]",325
"[1905, 1962, 3624, 4432]",307
"[1962, 2452, 3624]",327
"[1905, 1962, 2452, 3624]",304
"[1905, 1962, 3624]",356
"[1962, 2782, 4432]",312
"[1962, 2782, 2862]",316
"[1962, 2782, 3938, 3962]",298
"[1905, 1962, 2782, 3938]",308
"[1962, 2782, 3860]",329
"[1905, 1962, 2782, 3860]",300
"[1962, 2452, 2782, 3962]",302
"[1962, 2782, 3962, 4306]",304
"[1905, 1962, 2782, 3962]",308
"[1962, 2452, 2782, 4306]",305
"[1905, 1962, 2452, 2782]",310
"[1962, 2782, 4306]",346
"[1905, 1962, 2782, 4306]",317
"[1905, 1962, 2782]",354
"[1962, 2372, 2862]",304
"[1962, 2372, 3860]",329
"[1905, 1962, 2372, 3860]",306
"[1962, 2372, 2452]",329
"[1905, 1962, 2372, 2452]",310
"[1962, 2372, 3938, 3962]",299
"[1905, 1962, 2372, 3938]",313
"[1962, 2372, 4306]",333
"[1905, 1962, 2372, 4306]",305
"[1962, 2372, 3962]",335
"[1905, 1962, 2372, 3962]",311
"[1962, 2372, 4432]",338
"[1905, 1962, 2372, 4432]",314
"[1905, 1962, 2372]",364
"[1962, 2862, 4432]",323
"[1962, 2862, 3938, 3962]",302
"[1905, 1962, 2862, 3938]",307
"[1962, 2862, 3860]",328
"[1905, 1962, 2862, 3860]",298
"[1962, 2452, 2862, 3962]",300
"[1962, 2452, 2862, 4306]",307
"[1905, 1962, 2452, 2862]",311
"[1962, 2862, 3962, 4306]",310
"[1905, 1962, 2862, 3962]",311
"[1905, 1962, 2862]",359
"[1905, 1962, 2862, 4306]",324
"[1962, 2862, 4306]",362
"[1962, 2452, 3938, 4432]",300
"[1962, 3860, 3938, 4432]",306
"[1962, 3938, 3962, 4432]",314
"[1905, 1962, 3938, 3962, 4432]",300
"[1905, 1962, 3938, 4432]",334
"[1962, 3962, 4306, 4432]",302
"[1962, 3860, 3962, 4432]",303
"[1962, 2452, 3962, 4432]",310
"[1905, 1962, 3962, 4432]",332
"[1962, 3860, 4306, 4432]",298
"[1962, 2452, 4306, 4432]",305
"[1905, 1962, 4306, 4432]",326
"[1962, 2452, 4432]",356
"[1905, 1962, 2452, 4432]",335
"[1962, 3860, 4432]",362
"[1905, 1962, 3860, 4432]",335
"[1905, 1962, 4432]",398
"[1962, 2452, 3860, 4306]",306
"[1962, 2452, 3860, 3938]",309
"[1962, 2452, 3860, 3962]",315
"[1905, 1962, 2452, 3860]",329
"[1962, 2452, 3938, 4306]",308
"[1962, 2452, 3938, 3962]",336
"[1905, 1962, 2452, 3938, 3962]",318
"[1905, 1962, 2452, 3938]",342
"[1962, 2452, 3962, 4306]",328
"[1905, 1962, 2452, 3962, 4306]",305
"[1905, 1962, 2452, 4306]",341
"[1962, 2452, 3962]",382
"[1905, 1962, 2452, 3962]",354
"[1905, 1962, 2452]",403
"[1962, 3860, 3938, 4306]",306
"[1962, 3938, 3962, 4306]",330
"[1905, 1962, 3938, 3962, 4306]",309
"[1905, 1962, 3938, 4306]",337
"[1962, 3860, 3938, 3962]",333
"[1905, 1962, 3860, 3938, 3962]",310
"[1905, 1962, 3860, 3938]",345
"[1962, 3938, 3962]",390
"[1905, 1962, 3938, 3962]",362
"[1905, 1962, 3938]",409
"[1962, 3860, 3962, 4306]",315
"[1905, 1962, 3860, 4306]",327
"[1962, 3860, 3962]",372
"[1905, 1962, 3860, 3962]",340
"[1905, 1962, 3860]",401
"[1962, 3962, 4306]",378
"[1905, 1962, 3962, 4306]",343
"[1905, 1962, 4306]",396
"[1962, 3962]",453
"[1905, 1962, 3962]",407
"[1905, 1962]",497
"[571, 2372, 3938]",300
"[571, 2372, 2782]",307
"[571, 2372, 4432]",318
"[571, 2372, 3962]",319
"[571, 2372, 2452, 2862]",299
"[571, 1905, 2372, 2862]",302
"[571, 2372, 2452, 4306]",302
"[571, 2372, 2862, 4306]",304
"[571, 1905, 2372, 4306]",304
"[571, 2372, 2452]",343
"[571, 1905, 2372, 2452]",317
"[571, 1905, 2372]",346
"[2372, 2782, 3860, 4306]",302
"[1905, 2372, 2782, 3860]",305
"[2372, 2782, 3624, 4306]",300
"[2372, 2452, 2782, 3624]",301
"[1905, 2372, 2782, 3624]",307
"[2372, 2782, 3938, 4306]",298
"[2372, 2452, 2782, 3938]",299
"[2372, 2782, 3938, 3962]",301
"[1905, 2372, 2782, 3938]",317
"[2372, 2452, 2782, 4432]",301
"[2372, 2782, 4306, 4432]",301
"[1905, 2372, 2782, 4432]",314
"[2372, 2452, 2782, 2862]",312
"[1905, 2372, 2782, 2862]",316
"[2372, 2782, 2862, 4306]",317
"[2372, 2782, 3962, 4306]",312
"[1905, 2372, 2782, 3962, 4306]",299
"[2372, 2452, 2782, 3962]",317
"[1905, 2372, 2452, 2782, 3962]",306
"[1905, 2372, 2782, 3962]",330
"[2372, 2452, 2782, 4306]",333
"[1905, 2372, 2452, 2782, 4306]",315
"[1905, 2372, 2452, 2782]",343
"[2372, 2782, 4306]",367
"[1905, 2372, 2782, 4306]",342
"[1905, 2372, 2782]",379
"[2372, 2862, 3624]",321
"[1905, 2372, 2862, 3624]",300
"[2372, 3624, 3860]",325
"[1905, 2372, 3624, 3860]",307
"[2372, 2452, 3624, 3962]",305
"[1905, 2372, 3624, 3962]",318
"[2372, 3624, 3938]",337
"[1905, 2372, 3624, 3938]",323
"[2372, 3624, 4306, 4432]",299
"[2372, 2452, 3624, 4306]",313
"[1905, 2372, 2452, 3624, 4306]",298
"[1905, 2372, 3624, 4306]",325
"[2372, 2452, 3624, 4432]",316
"[1905, 2372, 2452, 3624, 4432]",300
"[1905, 2372, 3624, 4432]",332
"[2372, 2452, 3624]",360
"[1905, 2372, 2452, 3624]",340
"[1905, 2372, 3624]",384
"[2372, 2862, 3860, 4306]",304
"[1905, 2372, 2862, 3860]",304
"[2372, 3860, 3962, 4432]",301
"[2372, 3860, 3962, 4306]",310
"[2372, 2452, 3860, 3962]",312
"[1905, 2372, 2452, 3860, 3962]",301
"[2372, 3860, 3938, 3962]",314
"[1905, 2372, 3860, 3962]",331
"[2372, 3860, 3938, 4432]",301
"[2372, 3860, 3938, 4306]",303
"[2372, 2452, 3860, 3938]",305
"[1905, 2372, 3860, 3938]",333
"[2372, 3860, 4306, 4432]",303
"[1905, 2372, 3860, 4306]",332
"[2372, 2452, 3860, 4432]",308
"[2372, 2452, 3860, 4306]",318
"[1905, 2372, 2452, 3860, 4306]",304
"[1905, 2372, 2452, 3860]",339
"[2372, 3860, 4432]",360
"[1905, 2372, 3860, 4432]",331
"[1905, 2372, 3860]",387
"[2372, 2452, 2862, 3938]",304
"[2372, 2862, 3938, 3962]",309
"[2372, 2862, 3938, 4306]",309
"[1905, 2372, 2862, 3938]",320
"[2372, 2452, 2862, 4432]",308
"[2372, 2862, 4306, 4432]",313
"[1905, 2372, 2862, 4432]",320
"[2372, 2862, 3962, 4306]",323
"[1905, 2372, 2862, 3962, 4306]",303
"[2372, 2452, 2862, 3962]",323
"[1905, 2372, 2452, 2862, 3962]",310
"[1905, 2372, 2862, 3962]",332
"[2372, 2452, 2862, 4306]",338
"[1905, 2372, 2452, 2862, 4306]",320
"[1905, 2372, 2452, 2862]",352
"[2372, 2862, 4306]",380
"[1905, 2372, 2862, 4306]",349
"[1905, 2372, 2862]",387
"[2372, 3938, 4306, 4432]",299
"[2372, 2452, 3938, 4432]",313
"[1905, 2372, 2452, 3938, 4432]",302
"[2372, 3938, 3962, 4432]",316
"[1905, 2372, 3938, 3962, 4432]",302
"[1905, 2372, 3938, 4432]",342
"[2372, 2452, 3938, 4306]",322
"[1905, 2372, 2452, 3938, 4306]",309
"[2372, 3938, 3962, 4306]",330
"[1905, 2372, 3938, 3962, 4306]",311
"[1905, 2372, 3938, 4306]",345
"[2372, 2452, 3938, 3962]",343
"[1905, 2372, 2452, 3938, 3962]",330
"[1905, 2372, 2452, 3938]",360
"[2372, 3938, 3962]",387
"[1905, 2372, 3938, 3962]",365
"[1905, 2372, 3938]",417
"[2372, 3962, 4306, 4432]",310
"[2372, 2452, 3962, 4432]",327
"[1905, 2372, 2452, 3962, 4432]",317
"[1905, 2372, 3962, 4432]",348
"[2372, 2452, 3962, 4306]",342
"[1905, 2372, 2452, 3962, 4306]",329
"[1905, 2372, 3962, 4306]",356
"[2372, 2452, 3962]",397
"[1905, 2372, 2452, 3962]",381
"[1905, 2372, 3962]",423
"[2372, 2452, 4306, 4432]",326
"[1905, 2372, 2452, 4306, 4432]",310
"[1905, 2372, 4306, 4432]",341
"[2372, 2452, 4306]",398
"[1905, 2372, 2452, 4306]",375
"[1905, 2372, 4306]",417
"[2372, 2452, 4432]",389
"[1905, 2372, 2452, 4432]",367
"[1905, 2372, 4432]",418
"[2372, 2452]",475
"[1905, 2372, 2452]",444
"[1905, 2372]",516
"[571, 3624, 3962]",307
"[571, 2782, 3624]",311
"[571, 3624, 4432]",315
"[571, 2862, 3624]",319
"[571, 3624, 4306]",329
"[571, 1905, 3624, 4306]",299
"[571, 2452, 3624]",336
"[571, 1905, 2452, 3624]",305
"[571, 1905, 3624]",341
"[2862, 3624, 3860]",312
"[2452, 2782, 3624, 3860]",301
"[2782, 3624, 3860, 4306]",304
"[1905, 2782, 3624, 3860]",307
"[2452, 3624, 3860, 3938]",304
"[1905, 3624, 3860, 3938]",332
"[3624, 3860, 3962, 4306]",305
"[3624, 3860, 3938, 3962]",306
"[2452, 3624, 3860, 3962]",311
"[1905, 3624, 3860, 3962]",326
"[2452, 3624, 3860, 4432]",305
"[1905, 3624, 3860, 4432]",326
"[2452, 3624, 3860, 4306]",315
"[1905, 3624, 3860, 4306]",326
"[2452, 3624, 3860]",359
"[1905, 2452, 3624, 3860]",335
"[1905, 3624, 3860]",390
"[2862, 3624, 3938]",326
"[1905, 2862, 3624, 3938]",314
"[2452, 2862, 3624, 3962]",309
"[2862, 3624, 3962, 4306]",311
"[1905, 2862, 3624, 3962]",324
"[2862, 3624, 4306, 4432]",304
"[2452, 2862, 3624, 4432]",305
"[1905, 2862, 3624, 4432]",317
"[2452, 2782, 2862, 3624]",316
"[2782, 2862, 3624, 4306]",319
"[1905, 2782, 2862, 3624]",324
"[2452, 2862, 3624, 4306]",326
"[1905, 2452, 2862, 3624, 4306]",305
"[1905, 2452, 2862, 3624]",337
"[2862, 3624, 4306]",368
"[1905, 2862, 3624, 4306]",338
"[1905, 2862, 3624]",380
"[2782, 3624, 3938, 4306]",301
"[2452, 2782, 3624, 3938]",304
"[2782, 3624, 3938, 3962]",307
"[1905, 2782, 3624, 3938]",325
"[2452, 3624, 3938, 4306]",312
"[1905, 2452, 3624, 3938, 4306]",302
"[3624, 3938, 3962, 4306]",318
"[1905, 3624, 3938, 3962, 4306]",307
"[1905, 3624, 3938, 4306]",339
"[3624, 3938, 3962, 4432]",304
"[2452, 3624, 3938, 4432]",309
"[1905, 2452, 3624, 3938, 4432]",301
"[1905, 3624, 3938, 4432]",341
"[3624, 3938, 3962]",373
"[1905, 3624, 3938, 3962]",359
"[2452, 3624, 3938, 3962]",333
"[1905, 2452, 3624, 3938, 3962]",321
"[1905, 2452, 3624, 3938]",356
"[1905, 3624, 3938]",414
"[2782, 3624, 4306, 4432]",307
"[2452, 2782, 3624, 4432]",310
"[1905, 2782, 3624, 4432]",323
"[2452, 2782, 3624, 3962]",319
"[1905, 2452, 2782, 3624, 3962]",300
"[2782, 3624, 3962, 4306]",320
"[1905, 2782, 3624, 3962, 4306]",304
"[1905, 2782, 3624, 3962]",333
"[2452, 2782, 3624, 4306]",336
"[1905, 2452, 2782, 3624, 4306]",311
"[1905, 2452, 2782, 3624]",344
"[2782, 3624, 4306]",380
"[1905, 2782, 3624, 4306]",351
"[1905, 2782, 3624]",397
"[3624, 3962, 4306, 4432]",308
"[2452, 3624, 3962, 4432]",315
"[1905, 2452, 3624, 3962, 4432]",305
"[1905, 3624, 3962, 4432]",338
"[2452, 3624, 3962, 4306]",331
"[1905, 2452, 3624, 3962, 4306]",315
"[1905, 3624, 3962, 4306]",351
"[2452, 3624, 3962]",384
"[1905, 2452, 3624, 3962]",363
"[1905, 3624, 3962]",413
"[2452, 3624, 4306, 4432]",328
"[1905, 2452, 3624, 4306, 4432]",309
"[1905, 3624, 4306, 4432]",341
"[2452, 3624, 4306]",391
"[1905, 2452, 3624, 4306]",361
"[1905, 3624, 4306]",414
"[2452, 3624, 4432]",389
"[1905, 2452, 3624, 4432]",360
"[1905, 3624, 4432]",417
"[2452, 3624]",477
"[1905, 2452, 3624]",431
"[1905, 3624]",522
"[571, 2782, 3860]",303
"[571, 3860, 4432]",308
"[571, 3860, 3938]",311
"[571, 3860, 3962]",326
"[571, 1905, 3860, 3962]",298
"[571, 2862, 3860]",328
"[571, 2862, 3860, 4306]",301
"[571, 2452, 3860, 4306]",299
"[571, 1905, 2452, 3860]",302
"[571, 3860, 4306]",337
"[571, 1905, 3860, 4306]",302
"[571, 1905, 3860]",341
"[2452, 2862, 3860, 4432]",298
"[2862, 3860, 4306, 4432]",305
"[1905, 2862, 3860, 4432]",306
"[2782, 2862, 3860, 3962]",298
"[2452, 2782, 2862, 3860]",309
"[1905, 2782, 2862, 3860]",315
"[2782, 2862, 3860, 4306]",322
"[2452, 2862, 3860, 3938]",306
"[2862, 3860, 3938, 4306]",315
"[1905, 2862, 3860, 3938, 4306]",298
"[2862, 3860, 3938, 3962]",320
"[1905, 2862, 3860, 3938, 3962]",302
"[1905, 2862, 3860, 3938]",328
"[2452, 2862, 3860, 3962]",318
"[1905, 2452, 2862, 3860, 3962]",300
"[2862, 3860, 3962, 4306]",332
"[1905, 2862, 3860, 3962, 4306]",307
"[1905, 2862, 3860, 3962]",334
"[2452, 2862, 3860, 4306]",334
"[1905, 2452, 2862, 3860, 4306]",311
"[1905, 2452, 2862, 3860]",336
"[1905, 2862, 3860]",382
"[1905, 2862, 3860, 4306]",347
"[2862, 3860, 4306]",387
"[2452, 2782, 3860, 4432]",300
"[2782, 3860, 4306, 4432]",303
"[1905, 2782, 3860, 4432]",312
"[2452, 2782, 3860, 3938]",308
"[2782, 3860, 3938, 4306]",311
"[1905, 2782, 3860, 3938, 4306]",298
"[2782, 3860, 3938, 3962]",315
"[1905, 2782, 3860, 3938, 3962]",298
"[1905, 2782, 3860, 3938]",327
"[2452, 2782, 3860, 3962, 4306]",302
"[1905, 2452, 2782, 3860, 3962]",303
"[2782, 3860, 3962, 4306]",331
"[1905, 2782, 3860, 3962, 4306]",307
"[1905, 2782, 3860, 3962]",334
"[1905, 2452, 2782, 3860]",339
"[1905, 2452, 2782, 3860, 4306]",314
"[2452, 2782, 3860, 4306]",340
"[2782, 3860, 4306]",383
"[1905, 2782, 3860, 4306]",347
"[1905, 2782, 3860]",386
"[3860, 3938, 4306, 4432]",304
"[2452, 3860, 3938, 4432]",316
"[1905, 2452, 3860, 3938, 4432]",305
"[1905, 3860, 3938, 4432]",350
"[3860, 3962, 4306, 4432]",316
"[1905, 3860, 3962, 4306, 4432]",299
"[2452, 3860, 3962, 4432]",321
"[1905, 2452, 3860, 3962, 4432]",307
"[3860, 3938, 3962, 4432]",323
"[1905, 3860, 3938, 3962, 4432]",310
"[1905, 3860, 3962, 4432]",346
"[2452, 3860, 4306, 4432]",328
"[1905, 2452, 3860, 4306, 4432]",309
"[1905, 3860, 4306, 4432]",341
"[2452, 3860, 4432]",378
"[1905, 2452, 3860, 4432]",354
"[1905, 3860, 4432]",418
"[2452, 3860, 3938, 3962, 4306]",309
"[1905, 2452, 3860, 3938, 4306]",318
"[3860, 3938, 3962, 4306]",350
"[1905, 3860, 3938, 3962, 4306]",330
"[1905, 3860, 3938, 4306]",359
"[2452, 3860, 3938, 3962]",353
"[1905, 2452, 3860, 3938, 3962]",335
"[1905, 2452, 3860, 3938]",366
"[3860, 3938, 3962]",411
"[1905, 3860, 3938, 3962]",382
"[1905, 3860, 3938]",433
"[2452, 3860, 4306]",402
"[1905, 2452, 3860, 4306]",371
"[2452, 3860, 3962, 4306]",351
"[1905, 2452, 3860, 3962, 4306]",329
"[1905, 2452, 3860, 3962]",374
"[1905, 2452, 3860]",431
"[3860, 3962, 4306]",405
"[1905, 3860, 3962, 4306]",370
"[1905, 3860, 4306]",425
"[3860, 3962]",485
"[1905, 3860, 3962]",437
"[1905, 3860]",529
"[571, 2782, 4432]",312
"[2452, 2782, 3938, 4432]",298
"[2782, 3938, 3962, 4432]",302
"[1905, 2782, 3938, 4432]",327
"[2452, 2782, 3962, 4432]",308
"[2782, 3962, 4306, 4432]",310
"[1905, 2782, 3962, 4432]",331
"[2452, 2782, 2862, 4432]",309
"[2782, 2862, 4306, 4432]",315
"[1905, 2782, 2862, 4432]",319
"[2452, 2782, 4306, 4432]",327
"[1905, 2452, 2782, 4306, 4432]",304
"[1905, 2452, 2782, 4432]",339
"[2782, 4306, 4432]",370
"[1905, 2782, 4306, 4432]",340
"[1905, 2782, 4432]",393
"[571, 2782, 3938]",319
"[571, 2782, 2862, 3962]",312
"[571, 2782, 3962, 4306]",318
"[571, 1905, 2782, 3962]",319
"[571, 2452, 2782, 3962]",319
"[571, 1905, 2452, 2782, 2862]",302
"[571, 1905, 2782, 2862, 4306]",304
"[571, 1905, 2452, 2782]",338
"[571, 1905, 2452, 2782, 4306]",307
"[571, 1905, 2782, 4306]",339
"[571, 2452, 2782, 2862]",336
"[571, 2452, 2782, 2862, 4306]",311
"[571, 2782, 2862, 4306]",346
"[571, 2452, 2782]",384
"[571, 2452, 2782, 4306]",343
"[571, 2782, 4306]",388
"[2452, 2782, 2862, 3938]",320
"[1905, 2452, 2782, 2862, 3938]",305
"[2782, 2862, 3938, 3962]",320
"[1905, 2782, 2862, 3938, 3962]",305
"[2782, 2862, 3938, 4306]",322
"[1905, 2782, 2862, 3938, 4306]",306
"[1905, 2782, 2862, 3938]",338
"[2452, 2782, 3938, 3962, 4306]",314
"[1905, 2452, 2782, 3938, 3962, 4306]",300
"[1905, 2452, 2782, 3938, 4306]",324
"[2782, 3938, 3962, 4306]",350
"[1905, 2782, 3938, 3962, 4306]",332
"[1905, 2782, 3938, 4306]",364
"[2452, 2782, 3938, 3962]",350
"[1905, 2452, 2782, 3938, 3962]",330
"[1905, 2452, 2782, 3938]",362
"[2782, 3938, 3962]",396
"[1905, 2782, 3938, 3962]",371
"[1905, 2782, 3938]",419
"[2452, 2782, 2862, 3962, 4306]",320
"[1905, 2452, 2782, 2862, 3962, 4306]",301
"[1905, 2452, 2782, 2862, 3962]",322
"[2782, 2862, 3962, 4306]",352
"[1905, 2782, 2862, 3962, 4306]",327
"[1905, 2782, 2862, 3962]",355
"[2452, 2782, 3962, 4306]",372
"[1905, 2452, 2782, 3962, 4306]",345
"[1905, 2452, 2782, 3962]",381
"[2782, 3962, 4306]",419
"[1905, 2782, 3962, 4306]",385
"[1905, 2782, 3962]",435
"[1905, 2452, 2782, 2862]",374
"[1905, 2452, 2782, 2862, 4306]",341
"[2452, 2782, 2862, 4306]",376
"[1905, 2782, 2862]",423
"[1905, 2782, 2862, 4306]",379
"[2782, 2862, 4306]",428
"[2452, 2782, 4306]",441
"[1905, 2452, 2782, 4306]",394
"[1905, 2452, 2782]",446
"[2782, 4306]",518
"[1905, 2782, 4306]",454
"[1905, 2782]",530
"[571, 3938, 4432]",313
"[571, 2862, 3938, 3962]",303
"[571, 2452, 2862, 3938]",307
"[571, 2862, 3938, 4306]",310
"[571, 1905, 2862, 3938]",317
"[571, 3938, 3962, 4306]",314
"[571, 2452, 3938, 4306]",315
"[571, 1905, 3938, 4306]",325
"[571, 2452, 3938, 3962]",324
"[571, 1905, 2452, 3938, 3962]",301
"[571, 1905, 3938, 3962]",333
"[571, 2452, 3938]",363
"[571, 1905, 2452, 3938]",335
"[571, 1905, 3938]",378
"[2452, 2862, 3938, 4432]",306
"[2862, 3938, 4306, 4432]",307
"[2862, 3938, 3962, 4432]",308
"[1905, 2862, 3938, 4432]",330
"[2452, 2862, 3938, 3962, 4306]",318
"[1905, 2452, 2862, 3938, 3962, 4306]",303
"[1905, 2452, 2862, 3938, 4306]",330
"[2452, 2862, 3938, 3962]",350
"[1905, 2452, 2862, 3938, 3962]",333
"[1905, 2452, 2862, 3938]",368
"[2862, 3938, 3962, 4306]",356
"[1905, 2862, 3938, 3962, 4306]",334
"[1905, 2862, 3938, 3962]",374
"[2862, 3938, 4306]",400
"[1905, 2862, 3938, 4306]",372
"[1905, 2862, 3938]",423
"[2452, 3938, 4306, 4432]",324
"[1905, 2452, 3938, 4306, 4432]",314
"[3938, 3962, 4306, 4432]",334
"[1905, 3938, 3962, 4306, 4432]",322
"[1905, 3938, 4306, 4432]",355
"[2452, 3938, 3962, 4432]",347
"[1905, 2452, 3938, 3962, 4432]",336
"[1905, 2452, 3938, 4432]",375
"[3938, 3962, 4432]",396
"[1905, 3938, 3962, 4432]",379
"[1905, 3938, 4432]",439
"[2452, 3938, 3962, 4306]",379
"[1905, 2452, 3938, 3962, 4306]",359
"[1905, 2452, 3938, 4306]",393
"[3938, 3962, 4306]",439
"[1905, 3938, 3962, 4306]",408
"[1905, 3938, 4306]",457
"[2452, 3938, 3962]",451
"[1905, 2452, 3938, 3962]",423
"[1905, 2452, 3938]",476
"[3938, 3962]",537
"[1905, 3938, 3962]",495
"[1905, 3938]",581
"[571, 3962, 4432]",333
"[571, 1905, 3962, 4432]",308
"[571, 2452, 2862, 4432]",299
"[571, 2862, 4306, 4432]",303
"[571, 1905, 2862, 4432]",303
"[571, 2452, 4306, 4432]",311
"[571, 1905, 4306, 4432]",316
"[571, 2452, 4432]",363
"[571, 1905, 2452, 4432]",328
"[571, 1905, 4432]",372
"[571, 1905, 2452, 2862, 3962]",308
"[571, 2452, 2862, 3962, 4306]",310
"[571, 1905, 2862, 3962]",340
"[571, 1905, 2862, 3962, 4306]",309
"[571, 2862, 3962, 4306]",344
"[571, 2452, 3962, 4306]",351
"[571, 1905, 2452, 3962, 4306]",321
"[571, 1905, 3962, 4306]",355
"[571, 2452, 3962]",399
"[571, 1905, 2452, 3962]",359
"[571, 1905, 3962]",409
"[571, 1905, 2452, 2862]",362
"[571, 1905, 2452, 2862, 4306]",323
"[571, 2452, 2862, 4306]",364
"[571, 1905, 2862]",412
"[571, 1905, 2862, 4306]",362
"[571, 2862, 4306]",427
"[571, 2452, 4306]",423
"[571, 1905, 2452, 4306]",372
"[571, 1905, 2452]",437
"[571, 4306]",510
"[571, 1905, 4306]",427
"[571, 1905]",517
"[2452, 2862, 3962, 4432]",318
"[1905, 2452, 2862, 3962, 4432]",302
"[2862, 3962, 4306, 4432]",320
"[1905, 2862, 3962, 4306, 4432]",300
"[1905, 2862, 3962, 4432]",333
"[2452, 2862, 4306, 4432]",336
"[1905, 2452, 2862, 4306, 4432]",312
"[1905, 2452, 2862, 4432]",350
"[2862, 4306, 4432]",388
"[1905, 2862, 4306, 4432]",350
"[1905, 2862, 4432]",399
"[2452, 3962, 4306, 4432]",346
"[1905, 2452, 3962, 4306, 4432]",330
"[1905, 3962, 4306, 4432]",370
"[2452, 3962, 4432]",406
"[1905, 2452, 3962, 4432]",385
"[1905, 3962, 4432]",444
"[2452, 4306, 4432]",411
"[1905, 2452, 4306, 4432]",380
"[1905, 4306, 4432]",437
"[2452, 4432]",509
"[1905, 2452, 4432]",462
"[1905, 4432]",561
"[2452, 2862, 3962, 4306]",377
"[1905, 2452, 2862, 3962, 4306]",348
"[1905, 2452, 2862, 3962]",385
"[2862, 3962, 4306]",432
"[1905, 2862, 3962, 4306]",391
"[1905, 2862, 3962]",439
"[2452, 2862, 4306]",453
"[1905, 2452, 2862, 4306]",404
"[1905, 2452, 2862]",460
"[1905, 2862]",541
"[1905, 2862, 4306]",467
"[2862, 4306]",549
"[2452, 3962, 4306]",460
"[1905, 2452, 3962, 4306]",420
"[1905, 3962, 4306]",487
"[2452, 3962]",551
"[1905, 2452, 3962]",499
"[1905, 3962]",601
"[2452, 4306]",562
"[1905, 2452, 4306]",494
"[1905, 4306]",592
[2452],715
"[1905, 2452]",616
[1905],787
